"27915","3230","2013-09-27 12:28:12","ScppBasicOutput_QpreLesson_3","1","true-b","true"
"27919","3230","2013-09-27 12:28:23","ScppBasicOutput_QpreLesson_4","0","false-b","true"
"27921","3230","2013-09-27 12:28:28","ScppBasicOutput_QpreLesson_2","0","false-c","true"
"27927","3230","2013-09-27 12:28:35","ScppBasicOutput_QpreLesson_1","0","false-c","true"
"27923","3027","2013-09-27 12:28:31","ScppBasicOutput_QpreLesson_1","0","false-d","true"
"27928","3027","2013-09-27 12:28:41","ScppBasicOutput_QpreLesson_2","1","true-d","true"
"27930","3027","2013-09-27 12:28:47","ScppBasicOutput_QpreLesson_3","1","true-b","true"
"27935","3027","2013-09-27 12:28:55","ScppBasicOutput_QpreLesson_4","1","true-c","true"
"27938","4001","2013-09-27 12:28:58","ScppBasicOutput_QpreLesson_1","1","true-a","true"
"27945","4001","2013-09-27 12:29:17","ScppBasicOutput_QpreLesson_2","1","true-d","true"
"27949","4101","2013-09-27 12:29:22","ScppBasicOutput_QpreLesson_1","1","true-a","true"
"27952","4101","2013-09-27 12:29:29","ScppBasicOutput_QpreLesson_2","1","true-d","true"
"27956","4001","2013-09-27 12:29:33","ScppBasicOutput_QpreLesson_4","1","true-c","true"
"27960","4112","2013-09-27 12:29:35","ScppBasicOutput_QpreLesson_1","0","false-d","true"
"27961","4001","2013-09-27 12:29:36","ScppBasicOutput_QpreLesson_3","1","true-b","true"
"27962","4101","2013-09-27 12:29:38","ScppBasicOutput_QpreLesson_3","0","false-a","true"
"27963","4112","2013-09-27 12:29:40","ScppBasicOutput_QpreLesson_2","1","true-d","true"
"27967","4101","2013-09-27 12:29:48","ScppBasicOutput_QpreLesson_4","0","false-b","true"
"27974","4112","2013-09-27 12:30:02","ScppBasicOutput_QpreLesson_4","0","false-b","true"
"27982","3121","2013-09-27 12:30:21","ScppBasicOutput_QpreLesson_1","0","false-b","true"
"27980","4112","2013-09-27 12:30:12","ScppBasicOutput_QpreLesson_3","1","true-b","true"
"27985","3121","2013-09-27 12:30:30","ScppBasicOutput_QpreLesson_2","1","true-d","true"
"27987","3121","2013-09-27 12:30:48","ScppBasicOutput_QpreLesson_3","0","false-a","true"
"27990","3121","2013-09-27 12:31:18","ScppBasicOutput_QpreLesson_4","1","true-c","true"
"27992","3027","2013-09-27 12:31:42","ScppBasicOutput_QpostLessonMC_1","1","true-c","true"
"27995","3027","2013-09-27 12:31:52","ScppBasicOutput_QpostLessonMC_2","0","false-c","true"
"27994","2314","2013-09-27 12:31:51","ScppBasicOutput_QpreLesson_1","0","false-d","true"
"27997","3027","2013-09-27 12:31:57","ScppBasicOutput_QpostLessonMC_3","1","true-d","true"
"27998","3027","2013-09-27 12:32:02","ScppBasicOutput_QpostLessonMC_4","1","true-b","true"
"28000","2101","2013-09-27 12:32:09","ScppBasicOutput_QpreLesson_1","0","false-c","true"
"28001","2314","2013-09-27 12:32:09","ScppBasicOutput_QpreLesson_2","0","false-b","true"
"28003","3027","2013-09-27 12:32:14","ScppBasicOutput_QpostLessonMC_5","1","true-c","true"
"28007","2314","2013-09-27 12:32:23","ScppBasicOutput_QpreLesson_3","0","false-d","true"
"28006","3027","2013-09-27 12:32:21","ScppBasicOutput_QpostLessonMC_6","1","true-a","true"
"28008","2101","2013-09-27 12:32:26","ScppBasicOutput_QpreLesson_2","1","true-d","true"
"28010","2314","2013-09-27 12:32:32","ScppBasicOutput_QpreLesson_4","0","false-b","true"
"28012","2101","2013-09-27 12:32:35","ScppBasicOutput_QpreLesson_3","0","false-c","true"
"28013","3230","2013-09-27 12:32:38","ScppBasicOutput_QpostLessonMC_1","1","true-c","true"
"28014","3027","2013-09-27 12:32:39","ScppBasicOutput_QpostLessonMC_7","1","true-b","true"
"28015","2101","2013-09-27 12:32:42","ScppBasicOutput_QpreLesson_4","0","false-b","true"
"28016","3230","2013-09-27 12:32:47","ScppBasicOutput_QpostLessonMC_2","0","false-c","true"
"28017","3027","2013-09-27 12:32:48","ScppBasicOutput_QpostLessonMC_8","1","true-c","true"
"28022","3230","2013-09-27 12:33:06","ScppBasicOutput_QpostLessonMC_3","1","true-d","true"
"28024","3230","2013-09-27 12:33:09","ScppBasicOutput_QpostLessonMC_4","1","true-b","true"
"28025","3230","2013-09-27 12:33:20","ScppBasicOutput_QpostLessonMC_5","0","false-d","true"
"28028","3027","2013-09-27 12:33:27","ScppBasicOutput_QpostLessonSA_1","1","cout ","cout "
"28029","3027","2013-09-27 12:33:28","ScppBasicOutput_QpostLessonSA_2","1","Now we know. It was you!","Now we know. It was you!"
"28030","3230","2013-09-27 12:33:29","ScppBasicOutput_QpostLessonMC_6","0","false-d","true"
"28033","3230","2013-09-27 12:33:36","ScppBasicOutput_QpostLessonMC_7","0","false-c","true"
"28034","3027","2013-09-27 12:33:36","ScppBasicOutput_QpostLessonSA_3","0","6 kittens in this litter!","6 kittens this litter!"
"28036","4001","2013-09-27 12:33:39","ScppBasicOutput_QpostLessonMC_1","1","true-c","true"
"28038","3230","2013-09-27 12:33:48","ScppBasicOutput_QpostLessonMC_8","0","false-b","true"
"28041","4119","2013-09-27 12:33:53","ScppBasicOutput_QpreLesson_1","0","false-d","true"
"28042","4001","2013-09-27 12:33:54","ScppBasicOutput_QpostLessonMC_4","1","true-b","true"
"28049","4119","2013-09-27 12:34:06","ScppBasicOutput_QpreLesson_2","1","true-d","true"
"28052","2121","2013-09-27 12:34:09","ScppBasicOutput_QpreLesson_1","0","false-b","true"
"28067","3230","2013-09-27 12:34:31","ScppBasicOutput_QpostLessonSA_1","0","cout ","cout "
"28058","4001","2013-09-27 12:34:18","ScppBasicOutput_QpostLessonMC_2","1","true-a","true"
"28061","2121","2013-09-27 12:34:21","ScppBasicOutput_QpreLesson_2","1","true-d","true"
"28060","4119","2013-09-27 12:34:20","ScppBasicOutput_QpreLesson_3","0","false-a","true"
"28088","4001","2013-09-27 12:35:01","ScppBasicOutput_QpostLessonMC_3","1","true-d","true"
"28064","4114","2013-09-27 12:34:29","ScppBasicOutput_QpreLesson_1","0","false-c","true"
"28068","4001","2013-09-27 12:34:33","ScppBasicOutput_QpostLessonMC_5","1","true-c","true"
"28069","4119","2013-09-27 12:34:34","ScppBasicOutput_QpreLesson_4","0","false-b","true"
"28071","2121","2013-09-27 12:34:36","ScppBasicOutput_QpreLesson_3","1","true-b","true"
"28077","3230","2013-09-27 12:34:47","ScppBasicOutput_QpostLessonSA_2","1","Now we know. It was you!","Now we know. It was you!"
"28073","4001","2013-09-27 12:34:41","ScppBasicOutput_QpostLessonMC_6","1","true-a","true"
"28079","2121","2013-09-27 12:34:48","ScppBasicOutput_QpreLesson_4","0","false-a","true"
"28076","4114","2013-09-27 12:34:44","ScppBasicOutput_QpreLesson_2","1","true-d","true"
"28078","4001","2013-09-27 12:34:48","ScppBasicOutput_QpostLessonMC_7","1","true-b","true"
"28082","4114","2013-09-27 12:34:52","ScppBasicOutput_QpreLesson_3","0","false-a","true"
"28086","4001","2013-09-27 12:34:59","ScppBasicOutput_QpostLessonMC_8","1","true-c","true"
"28087","4114","2013-09-27 12:35:00","ScppBasicOutput_QpreLesson_4","0","false-b","true"
"28089","4105","2013-09-27 12:35:04","ScppBasicOutput_QpreLesson_1","1","true-a","true"
"28090","3230","2013-09-27 12:35:04","ScppBasicOutput_QpostLessonSA_3","0","kittens this litter!","6 kittens this litter!"
"28091","4131","2013-09-27 12:35:05","ScppBasicOutput_QpreLesson_1","0","false-d","true"
"28093","4131","2013-09-27 12:35:15","ScppBasicOutput_QpreLesson_2","1","true-d","true"
"28100","4105","2013-09-27 12:35:27","ScppBasicOutput_QpreLesson_2","1","true-d","true"
"28095","4101","2013-09-27 12:35:19","ScppBasicOutput_QpostLessonMC_1","0","false-b","true"
"28096","4131","2013-09-27 12:35:23","ScppBasicOutput_QpreLesson_3","1","true-b","true"
"28098","4101","2013-09-27 12:35:27","ScppBasicOutput_QpostLessonMC_2","1","true-a","true"
"28099","4001","2013-09-27 12:35:27","ScppBasicOutput_QpostLessonSA_1","0","cout ","cout "
"28102","4001","2013-09-27 12:35:37","ScppBasicOutput_QpostLessonSA_2","1","Now we know. It was you!","Now we know. It was you!"
"28103","4101","2013-09-27 12:35:38","ScppBasicOutput_QpostLessonMC_3","1","true-d","true"
"28106","4101","2013-09-27 12:35:44","ScppBasicOutput_QpostLessonMC_4","0","false-a","true"
"28108","4131","2013-09-27 12:35:46","ScppBasicOutput_QpreLesson_4","1","true-c","true"
"28109","4001","2013-09-27 12:35:46","ScppBasicOutput_QpostLessonSA_3","0","6 kittens this litter","6 kittens this litter!"
"28110","4105","2013-09-27 12:35:49","ScppBasicOutput_QpreLesson_3","1","true-b","true"
"28114","4105","2013-09-27 12:36:00","ScppBasicOutput_QpreLesson_4","0","false-b","true"
"28115","4101","2013-09-27 12:36:01","ScppBasicOutput_QpostLessonMC_5","0","false-b","true"
"28118","4101","2013-09-27 12:36:16","ScppBasicOutput_QpostLessonMC_6","0","false-b","true"
"28122","4101","2013-09-27 12:36:23","ScppBasicOutput_QpostLessonMC_7","1","true-b","true"
"28125","4101","2013-09-27 12:36:36","ScppBasicOutput_QpostLessonMC_8","0","false-a","true"
"28139","4112","2013-09-27 12:37:12","ScppBasicOutput_QpostLessonMC_1","1","true-c","true"
"28140","2101","2013-09-27 12:37:16","ScppBasicOutput_QpostLessonMC_1","0","false-b","true"
"28144","4112","2013-09-27 12:37:23","ScppBasicOutput_QpostLessonMC_2","0","false-d","true"
"28146","2101","2013-09-27 12:37:26","ScppBasicOutput_QpostLessonMC_2","1","true-a","true"
"28149","2101","2013-09-27 12:37:46","ScppBasicOutput_QpostLessonMC_3","0","false-c","true"
"28152","4112","2013-09-27 12:37:52","ScppBasicOutput_QpostLessonMC_3","1","true-d","true"
"28153","4112","2013-09-27 12:37:56","ScppBasicOutput_QpostLessonMC_4","1","true-b","true"
"28155","2101","2013-09-27 12:37:59","ScppBasicOutput_QpostLessonMC_4","0","false-c","true"
"28161","4101","2013-09-27 12:38:05","ScppBasicOutput_QpostLessonSA_2","0","Now we know.","Now we know. It was you!"
"28163","2101","2013-09-27 12:38:10","ScppBasicOutput_QpostLessonMC_5","1","true-c","true"
"28166","2101","2013-09-27 12:38:28","ScppBasicOutput_QpostLessonMC_6","1","true-a","true"
"28176","2101","2013-09-27 12:38:42","ScppBasicOutput_QpostLessonMC_7","0","false-d","true"
"28181","2101","2013-09-27 12:39:00","ScppBasicOutput_QpostLessonMC_8","0","false-a","true"
"28186","4105","2013-09-27 12:39:16","ScppBasicOutput_QpostLessonMC_1","1","true-c","true"
"28193","4105","2013-09-27 12:39:35","ScppBasicOutput_QpostLessonMC_2","1","true-a","true"
"28196","4105","2013-09-27 12:39:39","ScppBasicOutput_QpostLessonMC_3","1","true-d","true"
"28198","4105","2013-09-27 12:39:41","ScppBasicOutput_QpostLessonMC_4","1","true-b","true"
"28273","2101","2013-09-27 12:41:16","ScppBasicOutput_QpostLessonSA_2","0","Now we know.","Now we know. It was you!"
"28203","4112","2013-09-27 12:39:43","ScppBasicOutput_QpostLessonMC_5","1","true-c","true"
"28366","4112","2013-09-27 12:43:00","ScppBasicOutput_QpostLessonMC_6","1","true-a","true"
"28205","4105","2013-09-27 12:39:46","ScppBasicOutput_QpostLessonMC_5","1","true-c","true"
"28212","4131","2013-09-27 12:39:55","ScppBasicOutput_QpostLessonMC_1","1","true-c","true"
"28213","4131","2013-09-27 12:39:56","ScppBasicOutput_QpostLessonMC_2","0","false-d","true"
"28215","4131","2013-09-27 12:39:59","ScppBasicOutput_QpostLessonMC_3","1","true-d","true"
"28220","4105","2013-09-27 12:40:05","ScppBasicOutput_QpostLessonMC_6","0","false-b","true"
"28221","4131","2013-09-27 12:40:07","ScppBasicOutput_QpostLessonMC_4","1","true-b","true"
"28229","4114","2013-09-27 12:40:15","ScppBasicOutput_QpostLessonMC_1","1","true-c","true"
"28230","4131","2013-09-27 12:40:18","ScppBasicOutput_QpostLessonMC_5","1","true-c","true"
"28233","4112","2013-09-27 12:40:19","ScppBasicOutput_QpostLessonMC_7","1","true-b","true"
"28235","4114","2013-09-27 12:40:22","ScppBasicOutput_QpostLessonMC_2","0","false-d","true"
"28236","4131","2013-09-27 12:40:23","ScppBasicOutput_QpostLessonMC_6","1","true-a","true"
"28238","4105","2013-09-27 12:40:27","ScppBasicOutput_QpostLessonMC_7","1","true-b","true"
"28240","4114","2013-09-27 12:40:31","ScppBasicOutput_QpostLessonMC_3","1","true-d","true"
"28243","4114","2013-09-27 12:40:36","ScppBasicOutput_QpostLessonMC_4","1","true-b","true"
"28245","4105","2013-09-27 12:40:38","ScppBasicOutput_QpostLessonMC_8","1","true-c","true"
"28247","4112","2013-09-27 12:40:43","ScppBasicOutput_QpostLessonMC_8","1","true-c","true"
"28249","2121","2013-09-27 12:40:46","ScppBasicOutput_QpostLessonMC_1","0","false-b","true"
"28250","4114","2013-09-27 12:40:47","ScppBasicOutput_QpostLessonMC_5","1","true-c","true"
"28251","2121","2013-09-27 12:40:50","ScppBasicOutput_QpostLessonMC_2","1","true-a","true"
"28252","4131","2013-09-27 12:40:52","ScppBasicOutput_QpostLessonMC_8","1","true-c","true"
"28255","4114","2013-09-27 12:40:55","ScppBasicOutput_QpostLessonMC_6","1","true-a","true"
"28258","2121","2013-09-27 12:41:01","ScppBasicOutput_QpostLessonMC_3","1","true-d","true"
"28262","2121","2013-09-27 12:41:07","ScppBasicOutput_QpostLessonMC_4","1","true-b","true"
"28291","4131","2013-09-27 12:41:29","ScppBasicOutput_QpostLessonMC_7","1","true-b","true"
"28265","4114","2013-09-27 12:41:10","ScppBasicOutput_QpostLessonMC_7","1","true-b","true"
"28267","4105","2013-09-27 12:41:12","ScppBasicOutput_QpostLessonSA_1","1","cout ","cout "
"28271","2121","2013-09-27 12:41:15","ScppBasicOutput_QpostLessonMC_5","1","true-c","true"
"28277","4114","2013-09-27 12:41:20","ScppBasicOutput_QpostLessonMC_8","1","true-c","true"
"28294","4105","2013-09-27 12:41:31","ScppBasicOutput_QpostLessonSA_2","0","Now we know.It was you!","Now we know. It was you!"
"28289","2121","2013-09-27 12:41:29","ScppBasicOutput_QpostLessonMC_6","0","false-b","true"
"28304","2121","2013-09-27 12:41:40","ScppBasicOutput_QpostLessonMC_7","1","true-b","true"
"28322","4105","2013-09-27 12:42:04","ScppBasicOutput_QpostLessonSA_3","1","6 kittens this litter!","6 kittens this litter!"
"28309","2121","2013-09-27 12:41:47","ScppBasicOutput_QpostLessonMC_8","1","true-c","true"
"28364","4131","2013-09-27 12:42:59","ScppBasicOutput_QpostLessonSA_1","1","cout ","cout "
"28377","4112","2013-09-27 12:43:17","ScppBasicOutput_QpostLessonSA_1","0","cout ","cout "
"28350","4131","2013-09-27 12:42:43","ScppBasicOutput_QpostLessonSA_2","1","Now we know. It was you!","Now we know. It was you!"
"28378","4112","2013-09-27 12:43:17","ScppBasicOutput_QpostLessonSA_2","0","Now we know. It was You!","Now we know. It was you!"
"28352","4131","2013-09-27 12:42:45","ScppBasicOutput_QpostLessonSA_3","1","6 kittens this litter!","6 kittens this litter!"
"28353","2121","2013-09-27 12:42:46","ScppBasicOutput_QpostLessonSA_1","0","cout ","cout "
"28354","4114","2013-09-27 12:42:47","ScppBasicOutput_QpostLessonSA_1","0","cout ","cout "
"28355","2121","2013-09-27 12:42:48","ScppBasicOutput_QpostLessonSA_2","0","Now er know. It was you!","Now we know. It was you!"
"28357","4114","2013-09-27 12:42:49","ScppBasicOutput_QpostLessonSA_2","1","Now we know. It was you!","Now we know. It was you!"
"28359","4114","2013-09-27 12:42:50","ScppBasicOutput_QpostLessonSA_3","0","6 kittens this litter","6 kittens this litter!"
"28372","2121","2013-09-27 12:43:09","ScppBasicOutput_QpostLessonSA_3","0","6 kittens this litter","6 kittens this litter!"
"28379","4112","2013-09-27 12:43:18","ScppBasicOutput_QpostLessonSA_3","1","6 kittens this litter!","6 kittens this litter!"
"28394","3121","2013-09-27 12:43:57","ScppBasicOutput_QpostLessonMC_1","1","true-c","true"
"28405","3121","2013-09-27 12:44:27","ScppBasicOutput_QpostLessonMC_2","1","true-a","true"
"28407","3121","2013-09-27 12:44:30","ScppBasicOutput_QpostLessonMC_3","1","true-d","true"
"28410","3121","2013-09-27 12:44:40","ScppBasicOutput_QpostLessonMC_4","1","true-b","true"
"28413","3121","2013-09-27 12:44:54","ScppBasicOutput_QpostLessonMC_5","1","true-c","true"
"28414","2314","2013-09-27 12:44:57","ScppBasicOutput_QpostLessonMC_1","0","false-b","true"
"28417","3121","2013-09-27 12:45:07","ScppBasicOutput_QpostLessonMC_6","1","true-a","true"
"28423","2314","2013-09-27 12:45:14","ScppBasicOutput_QpostLessonMC_2","0","false-c","true"
"28424","3121","2013-09-27 12:45:16","ScppBasicOutput_QpostLessonMC_7","1","true-b","true"
"28426","4119","2013-09-27 12:45:23","ScppBasicOutput_QpostLessonMC_1","1","true-c","true"
"28427","3121","2013-09-27 12:45:25","ScppBasicOutput_QpostLessonMC_8","1","true-c","true"
"28431","2314","2013-09-27 12:45:29","ScppBasicOutput_QpostLessonMC_3","1","true-d","true"
"28430","4119","2013-09-27 12:45:28","ScppBasicOutput_QpostLessonMC_2","0","false-d","true"
"28433","2314","2013-09-27 12:45:34","ScppBasicOutput_QpostLessonMC_4","1","true-b","true"
"28439","4121","2013-09-27 12:45:53","ScppBasicOutput_QpreLesson_1","0","false-c","true"
"28437","2314","2013-09-27 12:45:47","ScppBasicOutput_QpostLessonMC_5","1","true-c","true"
"28438","4119","2013-09-27 12:45:52","ScppBasicOutput_QpostLessonMC_3","1","true-d","true"
"28440","2314","2013-09-27 12:45:53","ScppBasicOutput_QpostLessonMC_6","1","true-a","true"
"28441","4119","2013-09-27 12:45:58","ScppBasicOutput_QpostLessonMC_4","1","true-b","true"
"28442","4121","2013-09-27 12:46:06","ScppBasicOutput_QpreLesson_2","1","true-d","true"
"28444","2314","2013-09-27 12:46:14","ScppBasicOutput_QpostLessonMC_7","1","true-b","true"
"28445","4121","2013-09-27 12:46:16","ScppBasicOutput_QpreLesson_3","0","false-a","true"
"28446","4121","2013-09-27 12:46:22","ScppBasicOutput_QpreLesson_4","0","false-b","true"
"28449","2314","2013-09-27 12:46:27","ScppBasicOutput_QpostLessonMC_8","1","true-c","true"
"28450","3121","2013-09-27 12:46:28","ScppBasicOutput_QpostLessonSA_1","1","cout ","cout "
"28453","4119","2013-09-27 12:46:30","ScppBasicOutput_QpostLessonMC_5","0","false-b","true"
"28452","3121","2013-09-27 12:46:30","ScppBasicOutput_QpostLessonSA_2","1","Now we know. It was you!","Now we know. It was you!"
"28454","4119","2013-09-27 12:46:35","ScppBasicOutput_QpostLessonMC_6","1","true-a","true"
"28457","3121","2013-09-27 12:46:40","ScppBasicOutput_QpostLessonSA_3","1","6 kittens this litter!","6 kittens this litter!"
"28459","4119","2013-09-27 12:46:47","ScppBasicOutput_QpostLessonMC_7","1","true-b","true"
"28464","4119","2013-09-27 12:46:59","ScppBasicOutput_QpostLessonMC_8","1","true-c","true"
"28472","2314","2013-09-27 12:47:13","ScppBasicOutput_QpostLessonSA_2","1","Now we know. It was you!","Now we know. It was you!"
"28470","2314","2013-09-27 12:47:12","ScppBasicOutput_QpostLessonSA_1","0","cout","cout "
"28485","3301","2013-09-27 12:47:41","ScppBasicOutput_QpreLesson_1","0","false-d","true"
"28496","4119","2013-09-27 12:47:58","ScppBasicOutput_QpostLessonSA_1","0","cout ","cout "
"28488","2314","2013-09-27 12:47:47","ScppBasicOutput_QpostLessonSA_3","1","6 kittens this litter!","6 kittens this litter!"
"28495","3301","2013-09-27 12:47:57","ScppBasicOutput_QpreLesson_2","1","true-d","true"
"28499","3301","2013-09-27 12:48:10","ScppBasicOutput_QpreLesson_3","0","false-c","true"
"28512","4119","2013-09-27 12:48:52","ScppBasicOutput_QpostLessonSA_2","1","Now we know. It was you!","Now we know. It was you!"
"28502","3301","2013-09-27 12:48:21","ScppBasicOutput_QpreLesson_4","0","false-b","true"
"28513","4119","2013-09-27 12:49:05","ScppBasicOutput_QpostLessonSA_3","1","6 kittens this litter!","6 kittens this litter!"
"28562","4121","2013-09-27 12:53:25","ScppBasicOutput_QpostLessonMC_1","1","true-c","true"
"28564","4121","2013-09-27 12:53:32","ScppBasicOutput_QpostLessonMC_2","1","true-a","true"
"28566","4121","2013-09-27 12:53:45","ScppBasicOutput_QpostLessonMC_3","1","true-d","true"
"28567","4121","2013-09-27 12:53:49","ScppBasicOutput_QpostLessonMC_4","1","true-b","true"
"28569","4121","2013-09-27 12:54:00","ScppBasicOutput_QpostLessonMC_6","1","true-a","true"
"28572","4121","2013-09-27 12:54:08","ScppBasicOutput_QpostLessonMC_5","1","true-c","true"
"28574","4121","2013-09-27 12:54:23","ScppBasicOutput_QpostLessonMC_7","1","true-b","true"
"28578","4121","2013-09-27 12:54:38","ScppBasicOutput_QpostLessonMC_8","1","true-c","true"
"28591","4121","2013-09-27 12:55:28","ScppBasicOutput_QpostLessonSA_1","0","cout ","cout "
"28598","4121","2013-09-27 12:56:11","ScppBasicOutput_QpostLessonSA_2","1","Now we know. It was you!","Now we know. It was you!"
"28597","4121","2013-09-27 12:56:10","ScppBasicOutput_QpostLessonSA_3","0","6 kittens in this litter!","6 kittens this litter!"
"28604","3301","2013-09-27 12:57:34","ScppBasicOutput_QpostLessonMC_3","1","true-d","true"
"28607","3301","2013-09-27 12:57:59","ScppBasicOutput_QpostLessonMC_5","1","true-c","true"
"28610","3301","2013-09-27 12:58:07","ScppBasicOutput_QpostLessonMC_6","1","true-a","true"
"28643","3301","2013-09-27 13:00:33","ScppBasicOutput_QpostLessonMC_1","1","true-c","true"
"28646","3029","2013-09-27 13:00:37","ScppBasicOutput_QpreLesson_1","0","false-d","true"
"28647","3301","2013-09-27 13:00:45","ScppBasicOutput_QpostLessonMC_2","0","false-d","true"
"28648","3301","2013-09-27 13:00:53","ScppBasicOutput_QpostLessonMC_4","0","false-c","true"
"28651","3029","2013-09-27 13:00:58","ScppBasicOutput_QpreLesson_2","1","true-d","true"
"28653","3029","2013-09-27 13:01:10","ScppBasicOutput_QpreLesson_3","1","true-b","true"
"28656","3301","2013-09-27 13:01:15","ScppBasicOutput_QpostLessonMC_7","1","true-b","true"
"28657","3029","2013-09-27 13:01:19","ScppBasicOutput_QpreLesson_4","1","true-c","true"
"28659","3301","2013-09-27 13:01:27","ScppBasicOutput_QpostLessonMC_8","1","true-c","true"
"28669","3301","2013-09-27 13:02:42","ScppBasicOutput_QpostLessonSA_1","0","cout ","cout "
"28670","3301","2013-09-27 13:02:43","ScppBasicOutput_QpostLessonSA_2","0","Now we know.  It was you!","Now we know. It was you!"
"28672","3301","2013-09-27 13:02:45","ScppBasicOutput_QpostLessonSA_3","0","kittens this litter!","6 kittens this litter!"
"28751","3029","2013-09-27 13:09:29","ScppBasicOutput_QpostLessonMC_1","1","true-c","true"
"28757","3029","2013-09-27 13:09:49","ScppBasicOutput_QpostLessonMC_3","1","true-d","true"
"28761","3029","2013-09-27 13:09:58","ScppBasicOutput_QpostLessonMC_4","1","true-b","true"
"28775","3029","2013-09-27 13:10:19","ScppBasicOutput_QpostLessonMC_5","1","true-c","true"
"28776","3029","2013-09-27 13:10:22","ScppBasicOutput_QpostLessonMC_6","1","true-a","true"
"28784","3029","2013-09-27 13:10:48","ScppBasicOutput_QpostLessonMC_7","1","true-b","true"
"28785","3029","2013-09-27 13:10:58","ScppBasicOutput_QpostLessonMC_8","1","true-c","true"
"28788","3029","2013-09-27 13:11:05","ScppBasicOutput_QpostLessonMC_2","0","false-d","true"
"28793","3029","2013-09-27 13:11:42","ScppBasicOutput_QpostLessonSA_1","1","cout ","cout "
"28794","3311","2013-09-27 13:11:42","ScppBasicOutput_QpreLesson_1","0","false-c","true"
"28798","3029","2013-09-27 13:12:05","ScppBasicOutput_QpostLessonSA_2","0","Now we know.  It was you!","Now we know. It was you!"
"28803","3029","2013-09-27 13:12:20","ScppBasicOutput_QpostLessonSA_3","1","6 kittens this litter!","6 kittens this litter!"
"28818","3311","2013-09-27 13:13:00","ScppBasicOutput_QpreLesson_2","0","false-c","true"
"28822","3007","2013-09-27 13:13:09","ScppBasicOutput_QpreLesson_1","0","false-c","true"
"28824","3007","2013-09-27 13:13:17","ScppBasicOutput_QpreLesson_2","1","true-d","true"
"28828","3311","2013-09-27 13:13:30","ScppBasicOutput_QpreLesson_3","1","true-b","true"
"28829","3007","2013-09-27 13:13:31","ScppBasicOutput_QpreLesson_3","0","false-c","true"
"28831","3007","2013-09-27 13:13:37","ScppBasicOutput_QpreLesson_4","1","true-c","true"
"28832","3311","2013-09-27 13:13:46","ScppBasicOutput_QpreLesson_4","0","false-a","true"
"28840","4004","2013-09-27 13:14:54","ScppBasicOutput_QpreLesson_1","0","false-c","true"
"28841","3005","2013-09-27 13:14:55","ScppBasicOutput_QpreLesson_1","0","false-d","true"
"28845","3005","2013-09-27 13:15:09","ScppBasicOutput_QpreLesson_2","0","false-c","true"
"28846","3005","2013-09-27 13:15:13","ScppBasicOutput_QpreLesson_3","0","false-c","true"
"28850","3005","2013-09-27 13:15:25","ScppBasicOutput_QpreLesson_4","0","false-b","true"
"28854","4004","2013-09-27 13:15:30","ScppBasicOutput_QpreLesson_2","1","true-d","true"
"28860","4004","2013-09-27 13:15:49","ScppBasicOutput_QpreLesson_3","0","false-c","true"
"28865","4322","2013-09-27 13:16:08","ScppBasicOutput_QpreLesson_1","0","false-c","true"
"28866","4004","2013-09-27 13:16:10","ScppBasicOutput_QpreLesson_4","0","false-b","true"
"28868","3107","2013-09-27 13:16:13","ScppBasicOutput_QpreLesson_1","0","false-c","true"
"28874","3107","2013-09-27 13:16:21","ScppBasicOutput_QpreLesson_2","1","true-d","true"
"28876","3107","2013-09-27 13:16:28","ScppBasicOutput_QpreLesson_3","0","false-a","true"
"28877","4322","2013-09-27 13:16:32","ScppBasicOutput_QpreLesson_2","0","false-c","true"
"28878","3107","2013-09-27 13:16:33","ScppBasicOutput_QpreLesson_4","1","true-c","true"
"28891","4322","2013-09-27 13:16:59","ScppBasicOutput_QpreLesson_3","1","true-b","true"
"28905","4322","2013-09-27 13:17:22","ScppBasicOutput_QpreLesson_4","0","false-b","true"
"28910","4010","2013-09-27 13:17:28","ScppBasicOutput_QpreLesson_1","0","false-c","true"
"28920","4107","2013-09-27 13:17:45","ScppBasicOutput_QpreLesson_1","0","false-c","true"
"28921","4010","2013-09-27 13:17:45","ScppBasicOutput_QpreLesson_2","1","true-d","true"
"28926","4010","2013-09-27 13:17:53","ScppBasicOutput_QpreLesson_3","0","false-c","true"
"28943","4010","2013-09-27 13:18:03","ScppBasicOutput_QpreLesson_4","0","false-b","true"
"28948","4107","2013-09-27 13:18:08","ScppBasicOutput_QpreLesson_2","1","true-d","true"
"28951","4006","2013-09-27 13:18:12","ScppBasicOutput_QpreLesson_1","0","false-c","true"
"28959","4006","2013-09-27 13:18:27","ScppBasicOutput_QpreLesson_2","0","false-c","true"
"28974","4107","2013-09-27 13:18:31","ScppBasicOutput_QpreLesson_3","0","false-a","true"
"28980","4107","2013-09-27 13:18:43","ScppBasicOutput_QpreLesson_4","0","false-b","true"
"28983","4006","2013-09-27 13:18:52","ScppBasicOutput_QpreLesson_3","1","true-b","true"
"28986","4006","2013-09-27 13:19:00","ScppBasicOutput_QpreLesson_4","0","false-b","true"
"29005","4127","2013-09-27 13:19:33","ScppBasicOutput_QpreLesson_1","1","true-a","true"
"29006","3014","2013-09-27 13:19:37","ScppBasicOutput_QpreLesson_2","1","true-d","true"
"29007","4127","2013-09-27 13:19:40","ScppBasicOutput_QpreLesson_2","1","true-d","true"
"29013","4127","2013-09-27 13:19:47","ScppBasicOutput_QpreLesson_3","1","true-b","true"
"29020","3014","2013-09-27 13:19:54","ScppBasicOutput_QpreLesson_1","0","false-b","true"
"29022","4127","2013-09-27 13:19:57","ScppBasicOutput_QpreLesson_4","1","true-c","true"
"29025","3014","2013-09-27 13:20:07","ScppBasicOutput_QpreLesson_3","0","false-c","true"
"29028","4122","2013-09-27 13:20:14","ScppBasicOutput_QpreLesson_1","0","false-c","true"
"29031","3007","2013-09-27 13:20:20","ScppBasicOutput_QpostLessonMC_1","0","false-b","true"
"29032","3014","2013-09-27 13:20:23","ScppBasicOutput_QpreLesson_4","0","false-b","true"
"29036","4122","2013-09-27 13:20:28","ScppBasicOutput_QpreLesson_2","0","false-c","true"
"29037","4122","2013-09-27 13:20:35","ScppBasicOutput_QpreLesson_3","0","false-a","true"
"29043","3007","2013-09-27 13:20:40","ScppBasicOutput_QpostLessonMC_2","0","false-c","true"
"29045","3007","2013-09-27 13:20:44","ScppBasicOutput_QpostLessonMC_3","1","true-d","true"
"29046","4122","2013-09-27 13:20:45","ScppBasicOutput_QpreLesson_4","1","true-c","true"
"29049","3007","2013-09-27 13:20:48","ScppBasicOutput_QpostLessonMC_4","1","true-b","true"
"29057","4026","2013-09-27 13:21:04","ScppBasicOutput_QpreLesson_1","0","false-d","true"
"29058","3007","2013-09-27 13:21:05","ScppBasicOutput_QpostLessonMC_5","1","true-c","true"
"29063","4026","2013-09-27 13:21:11","ScppBasicOutput_QpreLesson_2","1","true-d","true"
"29066","3007","2013-09-27 13:21:13","ScppBasicOutput_QpostLessonMC_6","0","false-b","true"
"29073","4026","2013-09-27 13:21:24","ScppBasicOutput_QpreLesson_4","0","false-b","true"
"29079","3007","2013-09-27 13:21:28","ScppBasicOutput_QpostLessonMC_7","1","true-b","true"
"29083","4026","2013-09-27 13:21:33","ScppBasicOutput_QpreLesson_3","1","true-b","true"
"29086","3007","2013-09-27 13:21:34","ScppBasicOutput_QpostLessonMC_8","1","true-c","true"
"29108","4127","2013-09-27 13:22:27","ScppBasicOutput_QpostLessonMC_1","1","true-c","true"
"29112","4127","2013-09-27 13:22:38","ScppBasicOutput_QpostLessonMC_2","1","true-a","true"
"29116","4127","2013-09-27 13:22:40","ScppBasicOutput_QpostLessonMC_3","1","true-d","true"
"29125","4127","2013-09-27 13:22:44","ScppBasicOutput_QpostLessonMC_4","1","true-b","true"
"29183","3007","2013-09-27 13:24:19","ScppBasicOutput_QpostLessonSA_1","0","#include  intmain() {std : : ","cout "
"29134","4127","2013-09-27 13:22:52","ScppBasicOutput_QpostLessonMC_5","1","true-c","true"
"29146","4127","2013-09-27 13:23:10","ScppBasicOutput_QpostLessonMC_6","1","true-a","true"
"29149","4127","2013-09-27 13:23:18","ScppBasicOutput_QpostLessonMC_7","1","true-b","true"
"29158","4127","2013-09-27 13:23:26","ScppBasicOutput_QpostLessonMC_8","1","true-c","true"
"29176","4127","2013-09-27 13:24:11","ScppBasicOutput_QpostLessonSA_1","0","cout ","cout "
"29174","4127","2013-09-27 13:24:10","ScppBasicOutput_QpostLessonSA_2","1","Now we know. It was you!","Now we know. It was you!"
"29173","4127","2013-09-27 13:24:10","ScppBasicOutput_QpostLessonSA_3","0","6 kittens this litter","6 kittens this litter!"
"29191","3007","2013-09-27 13:24:30","ScppBasicOutput_QpostLessonSA_2","1","Now we know. It was you!","Now we know. It was you!"
"29198","4010","2013-09-27 13:24:58","ScppBasicOutput_QpostLessonMC_1","1","true-c","true"
"29199","3032","2013-09-27 13:25:01","ScppBasicOutput_QpreLesson_1","0","false-c","true"
"29208","3007","2013-09-27 13:25:17","ScppBasicOutput_QpostLessonSA_3","0","kittens this litter!","6 kittens this litter!"
"29203","4010","2013-09-27 13:25:09","ScppBasicOutput_QpostLessonMC_2","1","true-a","true"
"29210","3032","2013-09-27 13:25:18","ScppBasicOutput_QpreLesson_2","1","true-d","true"
"29215","3107","2013-09-27 13:25:26","ScppBasicOutput_QpostLessonMC_1","1","true-c","true"
"29217","3032","2013-09-27 13:25:27","ScppBasicOutput_QpreLesson_3","1","true-b","true"
"29221","3107","2013-09-27 13:25:31","ScppBasicOutput_QpostLessonMC_2","0","false-c","true"
"29223","3107","2013-09-27 13:25:35","ScppBasicOutput_QpostLessonMC_3","1","true-d","true"
"29224","4004","2013-09-27 13:25:36","ScppBasicOutput_QpostLessonMC_1","1","true-c","true"
"29226","4010","2013-09-27 13:25:37","ScppBasicOutput_QpostLessonMC_3","0","false-c","true"
"29229","3107","2013-09-27 13:25:39","ScppBasicOutput_QpostLessonMC_4","1","true-b","true"
"29231","3032","2013-09-27 13:25:41","ScppBasicOutput_QpreLesson_4","1","true-c","true"
"29233","4004","2013-09-27 13:25:46","ScppBasicOutput_QpostLessonMC_2","1","true-a","true"
"29235","3107","2013-09-27 13:25:47","ScppBasicOutput_QpostLessonMC_5","1","true-c","true"
"29240","3107","2013-09-27 13:25:54","ScppBasicOutput_QpostLessonMC_6","1","true-a","true"
"29243","4010","2013-09-27 13:25:55","ScppBasicOutput_QpostLessonMC_4","0","false-c","true"
"29246","3107","2013-09-27 13:26:01","ScppBasicOutput_QpostLessonMC_7","1","true-b","true"
"29249","4010","2013-09-27 13:26:02","ScppBasicOutput_QpostLessonMC_5","1","true-c","true"
"29251","4004","2013-09-27 13:26:04","ScppBasicOutput_QpostLessonMC_3","0","false-a","true"
"29255","4004","2013-09-27 13:26:08","ScppBasicOutput_QpostLessonMC_4","1","true-b","true"
"29256","3107","2013-09-27 13:26:10","ScppBasicOutput_QpostLessonMC_8","1","true-c","true"
"29257","4010","2013-09-27 13:26:12","ScppBasicOutput_QpostLessonMC_6","0","false-b","true"
"29265","4010","2013-09-27 13:26:26","ScppBasicOutput_QpostLessonMC_8","0","false-a","true"
"29266","4004","2013-09-27 13:26:29","ScppBasicOutput_QpostLessonMC_5","0","false-b","true"
"29270","4010","2013-09-27 13:26:31","ScppBasicOutput_QpostLessonMC_7","1","true-b","true"
"29271","4004","2013-09-27 13:26:34","ScppBasicOutput_QpostLessonMC_6","0","false-d","true"
"29274","4004","2013-09-27 13:26:49","ScppBasicOutput_QpostLessonMC_7","1","true-b","true"
"29281","4004","2013-09-27 13:27:12","ScppBasicOutput_QpostLessonMC_8","1","true-c","true"
"29315","4010","2013-09-27 13:28:20","ScppBasicOutput_QpostLessonSA_1","1","cout ","cout "
"29313","4010","2013-09-27 13:28:19","ScppBasicOutput_QpostLessonSA_2","1","Now we know. It was you!","Now we know. It was you!"
"29324","3321","2013-09-27 13:28:31","ScppBasicOutput_QpreLesson_2","0","false-c","true"
"29329","3321","2013-09-27 13:28:36","ScppBasicOutput_QpreLesson_1","0","false-d","true"
"29330","3026","2013-09-27 13:28:39","ScppBasicOutput_QpreLesson_2","1","true-d","true"
"29333","4010","2013-09-27 13:28:43","ScppBasicOutput_QpostLessonSA_3","0","kittens this litter!","6 kittens this litter!"
"29338","3026","2013-09-27 13:28:49","ScppBasicOutput_QpreLesson_3","1","true-b","true"
"29339","3321","2013-09-27 13:28:49","ScppBasicOutput_QpreLesson_3","0","false-a","true"
"29347","3321","2013-09-27 13:28:57","ScppBasicOutput_QpreLesson_4","0","false-b","true"
"29351","3005","2013-09-27 13:29:05","ScppBasicOutput_QpostLessonMC_1","1","true-c","true"
"29357","4026","2013-09-27 13:29:12","ScppBasicOutput_QpostLessonMC_2","0","false-d","true"
"29361","3005","2013-09-27 13:29:15","ScppBasicOutput_QpostLessonMC_2","0","false-d","true"
"29359","4026","2013-09-27 13:29:15","ScppBasicOutput_QpostLessonMC_3","1","true-d","true"
"29362","4026","2013-09-27 13:29:17","ScppBasicOutput_QpostLessonMC_4","1","true-b","true"
"29372","3005","2013-09-27 13:29:25","ScppBasicOutput_QpostLessonMC_3","0","false-c","true"
"29375","3005","2013-09-27 13:29:30","ScppBasicOutput_QpostLessonMC_4","0","false-c","true"
"29378","4026","2013-09-27 13:29:35","ScppBasicOutput_QpostLessonMC_1","1","true-c","true"
"29382","3005","2013-09-27 13:29:42","ScppBasicOutput_QpostLessonMC_5","0","false-b","true"
"29385","4006","2013-09-27 13:29:45","ScppBasicOutput_QpostLessonMC_1","1","true-c","true"
"29390","3032","2013-09-27 13:29:48","ScppBasicOutput_QpostLessonMC_1","1","true-c","true"
"29392","4026","2013-09-27 13:29:50","ScppBasicOutput_QpostLessonMC_5","1","true-c","true"
"29418","4004","2013-09-27 13:30:10","ScppBasicOutput_QpostLessonSA_1","0","count","cout "
"29397","3005","2013-09-27 13:29:54","ScppBasicOutput_QpostLessonMC_6","0","false-b","true"
"29406","3026","2013-09-27 13:30:00","ScppBasicOutput_QpreLesson_1","0","false-c","true"
"29400","4026","2013-09-27 13:29:57","ScppBasicOutput_QpostLessonMC_6","1","true-a","true"
"29407","4006","2013-09-27 13:30:02","ScppBasicOutput_QpostLessonMC_2","1","true-a","true"
"29412","3005","2013-09-27 13:30:06","ScppBasicOutput_QpostLessonMC_7","1","true-b","true"
"29414","4122","2013-09-27 13:30:07","ScppBasicOutput_QpostLessonMC_1","1","true-c","true"
"29435","3032","2013-09-27 13:30:24","ScppBasicOutput_QpostLessonMC_2","1","true-a","true"
"29419","4026","2013-09-27 13:30:10","ScppBasicOutput_QpostLessonMC_7","1","true-b","true"
"29446","4004","2013-09-27 13:30:28","ScppBasicOutput_QpostLessonSA_2","0","Now we know.It was you ","Now we know. It was you!"
"29422","4122","2013-09-27 13:30:14","ScppBasicOutput_QpostLessonMC_2","1","true-a","true"
"29423","3005","2013-09-27 13:30:15","ScppBasicOutput_QpostLessonMC_8","0","false-b","true"
"29426","4122","2013-09-27 13:30:17","ScppBasicOutput_QpostLessonMC_3","1","true-d","true"
"29428","4006","2013-09-27 13:30:17","ScppBasicOutput_QpostLessonMC_3","1","true-d","true"
"29451","3032","2013-09-27 13:30:33","ScppBasicOutput_QpostLessonMC_3","1","true-d","true"
"29433","4122","2013-09-27 13:30:23","ScppBasicOutput_QpostLessonMC_4","1","true-b","true"
"29438","4006","2013-09-27 13:30:25","ScppBasicOutput_QpostLessonMC_4","1","true-b","true"
"29447","4026","2013-09-27 13:30:30","ScppBasicOutput_QpostLessonMC_8","1","true-c","true"
"29450","4122","2013-09-27 13:30:33","ScppBasicOutput_QpostLessonMC_5","1","true-c","true"
"29454","3032","2013-09-27 13:30:38","ScppBasicOutput_QpostLessonMC_4","1","true-b","true"
"29455","4122","2013-09-27 13:30:39","ScppBasicOutput_QpostLessonMC_6","1","true-a","true"
"29463","4004","2013-09-27 13:30:46","ScppBasicOutput_QpostLessonSA_3","1","6 kittens this litter!","6 kittens this litter!"
"29464","3032","2013-09-27 13:30:50","ScppBasicOutput_QpostLessonMC_5","0","false-b","true"
"29466","4122","2013-09-27 13:30:53","ScppBasicOutput_QpostLessonMC_7","0","false-d","true"
"29468","4026","2013-09-27 13:30:55","ScppBasicOutput_QpostLessonSA_1","1","cout ","cout "
"29470","4006","2013-09-27 13:30:55","ScppBasicOutput_QpostLessonMC_5","1","true-c","true"
"29473","4122","2013-09-27 13:31:03","ScppBasicOutput_QpostLessonMC_8","1","true-c","true"
"29474","4006","2013-09-27 13:31:05","ScppBasicOutput_QpostLessonMC_6","1","true-a","true"
"29475","4026","2013-09-27 13:31:05","ScppBasicOutput_QpostLessonSA_2","1","Now we know. It was you!","Now we know. It was you!"
"29479","3032","2013-09-27 13:31:10","ScppBasicOutput_QpostLessonMC_6","1","true-a","true"
"29480","3005","2013-09-27 13:31:11","ScppBasicOutput_QpostLessonSA_1","0","cout ","cout "
"29481","3005","2013-09-27 13:31:12","ScppBasicOutput_QpostLessonSA_2","1","Now we know. It was you!","Now we know. It was you!"
"29482","3005","2013-09-27 13:31:12","ScppBasicOutput_QpostLessonSA_3","1","6 kittens this litter!","6 kittens this litter!"
"29526","4026","2013-09-27 13:32:07","ScppBasicOutput_QpostLessonSA_3","0","kittens this litter!","6 kittens this litter!"
"29489","4006","2013-09-27 13:31:18","ScppBasicOutput_QpostLessonMC_7","1","true-b","true"
"29490","4129","2013-09-27 13:31:20","ScppBasicOutput_QpreLesson_1","0","false-c","true"
"29492","4129","2013-09-27 13:31:23","ScppBasicOutput_QpreLesson_2","0","false-c","true"
"29497","4129","2013-09-27 13:31:28","ScppBasicOutput_QpreLesson_3","0","false-a","true"
"29498","3032","2013-09-27 13:31:29","ScppBasicOutput_QpostLessonMC_7","1","true-b","true"
"29503","4118","2013-09-27 13:31:37","ScppBasicOutput_QpreLesson_3","1","true-b","true"
"29504","4129","2013-09-27 13:31:38","ScppBasicOutput_QpreLesson_4","0","false-b","true"
"29558","3032","2013-09-27 13:32:34","ScppBasicOutput_QpostLessonMC_8","0","false-a","true"
"29510","4118","2013-09-27 13:31:47","ScppBasicOutput_QpreLesson_4","1","true-c","true"
"29511","4006","2013-09-27 13:31:51","ScppBasicOutput_QpostLessonMC_8","1","true-c","true"
"29513","4137","2013-09-27 13:31:54","ScppBasicOutput_QpreLesson_1","0","false-d","true"
"29524","4118","2013-09-27 13:32:05","ScppBasicOutput_QpreLesson_2","1","true-d","true"
"29528","4137","2013-09-27 13:32:08","ScppBasicOutput_QpreLesson_2","1","true-d","true"
"29533","4122","2013-09-27 13:32:11","ScppBasicOutput_QpostLessonSA_1","1","cout ","cout "
"29536","4122","2013-09-27 13:32:13","ScppBasicOutput_QpostLessonSA_2","1","Now we know. It was you!","Now we know. It was you!"
"29542","4137","2013-09-27 13:32:18","ScppBasicOutput_QpreLesson_3","0","false-a","true"
"29543","4118","2013-09-27 13:32:21","ScppBasicOutput_QpreLesson_1","0","false-c","true"
"29546","4122","2013-09-27 13:32:24","ScppBasicOutput_QpostLessonSA_3","1","6 kittens this litter!","6 kittens this litter!"
"29549","4137","2013-09-27 13:32:25","ScppBasicOutput_QpreLesson_4","0","false-b","true"
"29575","4005","2013-09-27 13:32:50","ScppBasicOutput_QpreLesson_1","1","true-a","true"
"29610","4005","2013-09-27 13:33:31","ScppBasicOutput_QpreLesson_2","1","true-d","true"
"29618","4005","2013-09-27 13:33:39","ScppBasicOutput_QpreLesson_3","0","false-c","true"
"29624","4006","2013-09-27 13:33:46","ScppBasicOutput_QpostLessonSA_1","0","cout","cout "
"29625","4006","2013-09-27 13:33:47","ScppBasicOutput_QpostLessonSA_2","1","Now we know. It was you!","Now we know. It was you!"
"29626","4006","2013-09-27 13:33:49","ScppBasicOutput_QpostLessonSA_3","0","6 kittens this litter","6 kittens this litter!"
"29628","4005","2013-09-27 13:33:58","ScppBasicOutput_QpreLesson_4","1","true-c","true"
"29638","3032","2013-09-27 13:34:07","ScppBasicOutput_QpostLessonSA_2","0","Now we know.","Now we know. It was you!"
"29655","3208","2013-09-27 13:34:33","ScppBasicOutput_QpreLesson_1","0","false-d","true"
"29661","4322","2013-09-27 13:34:47","ScppBasicOutput_QpostLessonMC_1","0","false-b","true"
"29668","3208","2013-09-27 13:34:54","ScppBasicOutput_QpreLesson_2","1","true-d","true"
"29666","4322","2013-09-27 13:34:49","ScppBasicOutput_QpostLessonMC_2","1","true-a","true"
"29671","4322","2013-09-27 13:34:59","ScppBasicOutput_QpostLessonMC_3","1","true-d","true"
"29678","3208","2013-09-27 13:35:15","ScppBasicOutput_QpreLesson_3","1","true-b","true"
"29683","3208","2013-09-27 13:35:22","ScppBasicOutput_QpreLesson_4","1","true-c","true"
"29690","4322","2013-09-27 13:35:27","ScppBasicOutput_QpostLessonMC_4","1","true-b","true"
"29697","4107","2013-09-27 13:35:35","ScppBasicOutput_QpostLessonMC_1","1","true-c","true"
"29699","2817","2013-09-27 13:35:36","ScppBasicOutput_QpreLesson_2","1","true-d","true"
"29702","4322","2013-09-27 13:35:43","ScppBasicOutput_QpostLessonMC_5","1","true-c","true"
"29708","4107","2013-09-27 13:35:46","ScppBasicOutput_QpostLessonMC_2","0","false-d","true"
"29712","2817","2013-09-27 13:35:48","ScppBasicOutput_QpreLesson_1","0","false-c","true"
"29719","4322","2013-09-27 13:35:54","ScppBasicOutput_QpostLessonMC_6","1","true-a","true"
"29721","4107","2013-09-27 13:35:57","ScppBasicOutput_QpostLessonMC_3","1","true-d","true"
"29731","2817","2013-09-27 13:36:00","ScppBasicOutput_QpreLesson_3","0","false-a","true"
"29739","2817","2013-09-27 13:36:05","ScppBasicOutput_QpreLesson_4","0","false-b","true"
"29744","4107","2013-09-27 13:36:08","ScppBasicOutput_QpostLessonMC_4","1","true-b","true"
"29758","4322","2013-09-27 13:36:20","ScppBasicOutput_QpostLessonMC_8","1","true-c","true"
"29769","4107","2013-09-27 13:36:33","ScppBasicOutput_QpostLessonMC_5","1","true-c","true"
"29773","4322","2013-09-27 13:36:36","ScppBasicOutput_QpostLessonMC_7","1","true-b","true"
"29778","4107","2013-09-27 13:36:42","ScppBasicOutput_QpostLessonMC_6","1","true-a","true"
"29801","4107","2013-09-27 13:37:06","ScppBasicOutput_QpostLessonMC_7","1","true-b","true"
"29812","4107","2013-09-27 13:37:18","ScppBasicOutput_QpostLessonMC_8","1","true-c","true"
"29878","4137","2013-09-27 13:38:11","ScppBasicOutput_QpostLessonMC_2","1","true-a","true"
"29886","4137","2013-09-27 13:38:17","ScppBasicOutput_QpostLessonMC_3","1","true-d","true"
"29888","4129","2013-09-27 13:38:19","ScppBasicOutput_QpostLessonMC_1","1","true-c","true"
"29890","4129","2013-09-27 13:38:21","ScppBasicOutput_QpostLessonMC_2","0","false-d","true"
"29893","4129","2013-09-27 13:38:24","ScppBasicOutput_QpostLessonMC_4","0","false-d","true"
"29896","4129","2013-09-27 13:38:25","ScppBasicOutput_QpostLessonMC_3","1","true-d","true"
"29910","4129","2013-09-27 13:38:29","ScppBasicOutput_QpostLessonMC_5","0","false-d","true"
"29909","4137","2013-09-27 13:38:29","ScppBasicOutput_QpostLessonMC_1","0","false-b","true"
"29914","4129","2013-09-27 13:38:33","ScppBasicOutput_QpostLessonMC_6","0","false-d","true"
"29922","4129","2013-09-27 13:38:39","ScppBasicOutput_QpostLessonMC_8","0","false-d","true"
"29919","4137","2013-09-27 13:38:36","ScppBasicOutput_QpostLessonMC_4","1","true-b","true"
"29932","4137","2013-09-27 13:38:44","ScppBasicOutput_QpostLessonMC_5","1","true-c","true"
"29935","4137","2013-09-27 13:38:49","ScppBasicOutput_QpostLessonMC_6","0","false-b","true"
"29953","4137","2013-09-27 13:38:59","ScppBasicOutput_QpostLessonMC_7","1","true-b","true"
"29963","4322","2013-09-27 13:39:06","ScppBasicOutput_QpostLessonSA_1","0","cout ","cout "
"29964","4137","2013-09-27 13:39:07","ScppBasicOutput_QpostLessonMC_8","1","true-c","true"
"29966","4322","2013-09-27 13:39:08","ScppBasicOutput_QpostLessonSA_2","1","Now we know. It was you!","Now we know. It was you!"
"29993","3208","2013-09-27 13:39:32","ScppBasicOutput_QpostLessonMC_1","1","true-c","true"
"30003","4107","2013-09-27 13:39:39","ScppBasicOutput_QpostLessonSA_1","1","cout ","cout "
"30004","3208","2013-09-27 13:39:39","ScppBasicOutput_QpostLessonMC_2","1","true-a","true"
"30010","4107","2013-09-27 13:39:42","ScppBasicOutput_QpostLessonSA_2","1","Now we know. It was you!","Now we know. It was you!"
"30014","4107","2013-09-27 13:39:46","ScppBasicOutput_QpostLessonSA_3","0","6 kittens this litter","6 kittens this litter!"
"30046","4137","2013-09-27 13:40:11","ScppBasicOutput_QpostLessonSA_1","1","cout ","cout "
"30016","3208","2013-09-27 13:39:47","ScppBasicOutput_QpostLessonMC_3","1","true-d","true"
"30023","3208","2013-09-27 13:39:54","ScppBasicOutput_QpostLessonMC_4","1","true-b","true"
"30044","3208","2013-09-27 13:40:09","ScppBasicOutput_QpostLessonMC_5","0","false-b","true"
"30047","4137","2013-09-27 13:40:12","ScppBasicOutput_QpostLessonSA_2","1","Now we know. It was you!","Now we know. It was you!"
"30050","3208","2013-09-27 13:40:15","ScppBasicOutput_QpostLessonMC_6","1","true-a","true"
"30054","4118","2013-09-27 13:40:21","ScppBasicOutput_QpostLessonMC_1","1","true-c","true"
"30064","4137","2013-09-27 13:40:29","ScppBasicOutput_QpostLessonSA_3","0","kittens this litter!","6 kittens this litter!"
"30065","3208","2013-09-27 13:40:29","ScppBasicOutput_QpostLessonMC_7","1","true-b","true"
"30071","3208","2013-09-27 13:40:39","ScppBasicOutput_QpostLessonMC_8","1","true-c","true"
"30082","4118","2013-09-27 13:40:54","ScppBasicOutput_QpostLessonMC_2","1","true-a","true"
"30093","4118","2013-09-27 13:41:07","ScppBasicOutput_QpostLessonMC_3","1","true-d","true"
"30099","4118","2013-09-27 13:41:12","ScppBasicOutput_QpostLessonMC_4","1","true-b","true"
"30106","4118","2013-09-27 13:41:33","ScppBasicOutput_QpostLessonMC_5","1","true-c","true"
"30108","3208","2013-09-27 13:41:34","ScppBasicOutput_QpostLessonSA_1","1","cout ","cout "
"30112","4118","2013-09-27 13:41:44","ScppBasicOutput_QpostLessonMC_6","1","true-a","true"
"30116","3208","2013-09-27 13:41:55","ScppBasicOutput_QpostLessonSA_2","1","Now we know. It was you!","Now we know. It was you!"
"30118","4118","2013-09-27 13:41:57","ScppBasicOutput_QpostLessonMC_7","1","true-b","true"
"30127","4118","2013-09-27 13:42:12","ScppBasicOutput_QpostLessonMC_8","1","true-c","true"
"30131","3208","2013-09-27 13:42:18","ScppBasicOutput_QpostLessonSA_3","1","6 kittens this litter!","6 kittens this litter!"
"30134","4129","2013-09-27 13:42:22","ScppBasicOutput_QpostLessonSA_1","0","cout","cout "
"30135","4129","2013-09-27 13:42:23","ScppBasicOutput_QpostLessonSA_2","0","now we know.. it was you","Now we know. It was you!"
"30136","4129","2013-09-27 13:42:23","ScppBasicOutput_QpostLessonSA_3","0","6kittens in litter. ","6 kittens this litter!"
"30160","3026","2013-09-27 13:43:07","ScppBasicOutput_QpostLessonMC_1","1","true-c","true"
"30165","4118","2013-09-27 13:43:10","ScppBasicOutput_QpostLessonSA_1","1","cout ","cout "
"30170","4320","2013-09-27 13:43:16","ScppBasicOutput_QpreLesson_2","1","true-d","true"
"30179","2817","2013-09-27 13:43:30","ScppBasicOutput_QpostLessonMC_1","0","false-a","true"
"30184","4320","2013-09-27 13:43:35","ScppBasicOutput_QpreLesson_3","0","false-a","true"
"30185","3321","2013-09-27 13:43:35","ScppBasicOutput_QpostLessonMC_1","0","false-b","true"
"30189","3026","2013-09-27 13:43:38","ScppBasicOutput_QpostLessonMC_2","1","true-a","true"
"30191","4320","2013-09-27 13:43:40","ScppBasicOutput_QpreLesson_4","0","false-b","true"
"30193","4118","2013-09-27 13:43:41","ScppBasicOutput_QpostLessonSA_3","1","6 kittens this litter!","6 kittens this litter!"
"30194","4118","2013-09-27 13:43:42","ScppBasicOutput_QpostLessonSA_2","1","Now we know. It was you!","Now we know. It was you!"
"30195","2817","2013-09-27 13:43:45","ScppBasicOutput_QpostLessonMC_2","1","true-a","true"
"30207","3026","2013-09-27 13:43:53","ScppBasicOutput_QpostLessonMC_3","1","true-d","true"
"30205","3321","2013-09-27 13:43:52","ScppBasicOutput_QpostLessonMC_3","1","true-d","true"
"30255","2817","2013-09-27 13:45:36","ScppBasicOutput_QpostLessonMC_3","1","true-d","true"
"30211","4320","2013-09-27 13:43:56","ScppBasicOutput_QpreLesson_1","0","false-b","true"
"30212","3321","2013-09-27 13:43:58","ScppBasicOutput_QpostLessonMC_4","1","true-b","true"
"30218","3321","2013-09-27 13:44:07","ScppBasicOutput_QpostLessonMC_5","1","true-c","true"
"30223","2817","2013-09-27 13:44:16","ScppBasicOutput_QpostLessonMC_4","1","true-b","true"
"30224","3321","2013-09-27 13:44:16","ScppBasicOutput_QpostLessonMC_6","1","true-a","true"
"30254","2817","2013-09-27 13:45:32","ScppBasicOutput_QpostLessonMC_5","0","false-b","true"
"30229","2817","2013-09-27 13:44:31","ScppBasicOutput_QpostLessonMC_6","0","false-b","true"
"30231","3321","2013-09-27 13:44:32","ScppBasicOutput_QpostLessonMC_7","1","true-b","true"
"30232","3026","2013-09-27 13:44:32","ScppBasicOutput_QpostLessonMC_4","1","true-b","true"
"30240","3321","2013-09-27 13:44:50","ScppBasicOutput_QpostLessonMC_8","1","true-c","true"
"30241","3026","2013-09-27 13:44:51","ScppBasicOutput_QpostLessonMC_6","1","true-a","true"
"30246","3321","2013-09-27 13:45:09","ScppBasicOutput_QpostLessonMC_2","0","false-c","true"
"30244","2817","2013-09-27 13:45:02","ScppBasicOutput_QpostLessonMC_7","0","false-d","true"
"30252","2817","2013-09-27 13:45:27","ScppBasicOutput_QpostLessonMC_8","0","false-b","true"
"30253","3026","2013-09-27 13:45:28","ScppBasicOutput_QpostLessonMC_5","0","false-a","true"
"30273","3026","2013-09-27 13:46:07","ScppBasicOutput_QpostLessonMC_8","1","true-c","true"
"30274","3321","2013-09-27 13:46:11","ScppBasicOutput_QpostLessonSA_1","0","cout ","cout "
"30279","2817","2013-09-27 13:46:19","ScppBasicOutput_QpostLessonSA_1","0","count ","cout "
"30297","2817","2013-09-27 13:46:52","ScppBasicOutput_QpostLessonSA_2","0","Now we know. It was you","Now we know. It was you!"
"30288","3321","2013-09-27 13:46:36","ScppBasicOutput_QpostLessonSA_2","1","Now we know. It was you!","Now we know. It was you!"
"30296","3026","2013-09-27 13:46:50","ScppBasicOutput_QpostLessonMC_7","1","true-b","true"
"30300","3321","2013-09-27 13:46:55","ScppBasicOutput_QpostLessonSA_3","0","kittens this litter!","6 kittens this litter!"
"30306","2817","2013-09-27 13:47:07","ScppBasicOutput_QpostLessonSA_3","0","kittens this litter!","6 kittens this litter!"
"30312","4005","2013-09-27 13:47:25","ScppBasicOutput_QpostLessonMC_1","1","true-c","true"
"30322","4005","2013-09-27 13:47:42","ScppBasicOutput_QpostLessonMC_2","1","true-a","true"
"30328","3026","2013-09-27 13:48:04","ScppBasicOutput_QpostLessonSA_2","1","Now we know. It was you!","Now we know. It was you!"
"30325","4005","2013-09-27 13:47:53","ScppBasicOutput_QpostLessonMC_3","1","true-d","true"
"30327","4005","2013-09-27 13:48:00","ScppBasicOutput_QpostLessonMC_4","1","true-b","true"
"30334","4005","2013-09-27 13:48:24","ScppBasicOutput_QpostLessonMC_5","1","true-c","true"
"30342","4005","2013-09-27 13:48:40","ScppBasicOutput_QpostLessonMC_6","1","true-a","true"
"30345","3026","2013-09-27 13:49:00","ScppBasicOutput_QpostLessonSA_1","0","cout ","cout "
"30346","3026","2013-09-27 13:49:01","ScppBasicOutput_QpostLessonSA_3","0","kittens this litter!","6 kittens this litter!"
"30353","4005","2013-09-27 13:49:18","ScppBasicOutput_QpostLessonMC_7","1","true-b","true"
"30360","4005","2013-09-27 13:49:33","ScppBasicOutput_QpostLessonMC_8","1","true-c","true"
"30380","4005","2013-09-27 13:51:14","ScppBasicOutput_QpostLessonSA_1","0","cout ","cout "
"30382","4005","2013-09-27 13:51:15","ScppBasicOutput_QpostLessonSA_2","1","Now we know. It was you!","Now we know. It was you!"
"30385","4005","2013-09-27 13:51:17","ScppBasicOutput_QpostLessonSA_3","1","6 kittens this litter!","6 kittens this litter!"
"30412","4320","2013-09-27 13:52:51","ScppBasicOutput_QpostLessonMC_1","1","true-c","true"
"30417","4320","2013-09-27 13:53:09","ScppBasicOutput_QpostLessonMC_2","0","false-b","true"
"30420","4320","2013-09-27 13:53:20","ScppBasicOutput_QpostLessonMC_3","0","false-c","true"
"30422","4320","2013-09-27 13:53:34","ScppBasicOutput_QpostLessonMC_4","1","true-b","true"
"30425","4320","2013-09-27 13:53:50","ScppBasicOutput_QpostLessonMC_6","1","true-a","true"
"30431","3014","2013-09-27 13:54:11","ScppBasicOutput_QpostLessonMC_1","1","true-c","true"
"30432","4320","2013-09-27 13:54:13","ScppBasicOutput_QpostLessonMC_7","1","true-b","true"
"30435","3014","2013-09-27 13:54:35","ScppBasicOutput_QpostLessonMC_2","1","true-a","true"
"30436","4320","2013-09-27 13:54:41","ScppBasicOutput_QpostLessonMC_8","0","false-a","true"
"30437","3014","2013-09-27 13:54:42","ScppBasicOutput_QpostLessonMC_3","1","true-d","true"
"30438","3014","2013-09-27 13:54:54","ScppBasicOutput_QpostLessonMC_4","1","true-b","true"
"30441","3014","2013-09-27 13:55:22","ScppBasicOutput_QpostLessonMC_5","1","true-c","true"
"30442","3014","2013-09-27 13:55:27","ScppBasicOutput_QpostLessonMC_6","1","true-a","true"
"30445","3014","2013-09-27 13:55:42","ScppBasicOutput_QpostLessonMC_7","1","true-b","true"
"30446","3119","2013-09-27 13:55:43","ScppBasicOutput_QpreLesson_2","1","true-d","true"
"30448","4320","2013-09-27 13:55:44","ScppBasicOutput_QpostLessonSA_1","0","cout ","cout "
"30449","3014","2013-09-27 13:55:49","ScppBasicOutput_QpostLessonMC_8","1","true-c","true"
"30459","4320","2013-09-27 13:56:26","ScppBasicOutput_QpostLessonSA_2","0","Now we know. It was you! ","Now we know. It was you!"
"30455","3119","2013-09-27 13:56:03","ScppBasicOutput_QpreLesson_4","1","true-c","true"
"30456","3119","2013-09-27 13:56:09","ScppBasicOutput_QpreLesson_3","1","true-b","true"
"30460","3119","2013-09-27 13:56:29","ScppBasicOutput_QpreLesson_1","1","true-a","true"
"30462","4320","2013-09-27 13:56:55","ScppBasicOutput_QpostLessonSA_3","0","kittens this litter!","6 kittens this litter!"
"30463","4035","2013-09-27 13:57:00","ScppBasicOutput_QpreLesson_1","0","false-d","true"
"30465","4035","2013-09-27 13:57:12","ScppBasicOutput_QpreLesson_2","1","true-d","true"
"30467","4035","2013-09-27 13:57:19","ScppBasicOutput_QpreLesson_3","0","false-a","true"
"30468","4035","2013-09-27 13:57:26","ScppBasicOutput_QpreLesson_4","0","false-b","true"
"30469","4320","2013-09-27 13:57:34","ScppBasicOutput_QpostLessonMC_5","0","false-b","true"
"30504","4035","2013-09-27 14:02:50","ScppBasicOutput_QpostLessonMC_2","0","false-d","true"
"30506","4035","2013-09-27 14:02:58","ScppBasicOutput_QpostLessonMC_1","0","false-b","true"
"30508","4035","2013-09-27 14:03:04","ScppBasicOutput_QpostLessonMC_3","1","true-d","true"
"30509","4035","2013-09-27 14:03:11","ScppBasicOutput_QpostLessonMC_4","1","true-b","true"
"30511","4035","2013-09-27 14:03:32","ScppBasicOutput_QpostLessonMC_5","1","true-c","true"
"30512","4035","2013-09-27 14:03:38","ScppBasicOutput_QpostLessonMC_6","1","true-a","true"
"30513","4035","2013-09-27 14:03:54","ScppBasicOutput_QpostLessonMC_7","0","false-d","true"
"30514","4035","2013-09-27 14:04:00","ScppBasicOutput_QpostLessonMC_8","1","true-c","true"
"30517","4035","2013-09-27 14:05:02","ScppBasicOutput_QpostLessonSA_1","1","cout ","cout "
"30520","4035","2013-09-27 14:05:15","ScppBasicOutput_QpostLessonSA_2","1","Now we know. It was you!","Now we know. It was you!"
"30522","4035","2013-09-27 14:05:30","ScppBasicOutput_QpostLessonSA_3","1","6 kittens this litter!","6 kittens this litter!"
"30526","3311","2013-09-27 14:06:16","ScppBasicOutput_QpostLessonMC_1","1","true-c","true"
"30528","3311","2013-09-27 14:06:23","ScppBasicOutput_QpostLessonMC_2","0","false-d","true"
"30531","3311","2013-09-27 14:06:38","ScppBasicOutput_QpostLessonMC_3","1","true-d","true"
"30532","3311","2013-09-27 14:06:46","ScppBasicOutput_QpostLessonMC_4","1","true-b","true"
"30534","3311","2013-09-27 14:07:05","ScppBasicOutput_QpostLessonMC_5","1","true-c","true"
"30535","3311","2013-09-27 14:07:13","ScppBasicOutput_QpostLessonMC_6","1","true-a","true"
"30536","3311","2013-09-27 14:07:21","ScppBasicOutput_QpostLessonMC_7","1","true-b","true"
"30537","3311","2013-09-27 14:07:47","ScppBasicOutput_QpostLessonMC_8","1","true-c","true"
"30541","3311","2013-09-27 14:08:37","ScppBasicOutput_QpostLessonSA_1","1","cout ","cout "
"30545","3311","2013-09-27 14:09:33","ScppBasicOutput_QpostLessonSA_2","1","Now we know. It was you!","Now we know. It was you!"
"30544","3311","2013-09-27 14:09:31","ScppBasicOutput_QpostLessonSA_3","1","6 kittens this litter!","6 kittens this litter!"
"30546","3119","2013-09-27 14:12:15","ScppBasicOutput_QpostLessonMC_1","1","true-c","true"
"30547","3119","2013-09-27 14:12:38","ScppBasicOutput_QpostLessonMC_3","1","true-d","true"
"30548","3119","2013-09-27 14:12:53","ScppBasicOutput_QpostLessonMC_4","1","true-b","true"
"30549","3119","2013-09-27 14:13:26","ScppBasicOutput_QpostLessonMC_5","1","true-c","true"
"30550","3119","2013-09-27 14:13:32","ScppBasicOutput_QpostLessonMC_6","1","true-a","true"
"30551","3119","2013-09-27 14:13:54","ScppBasicOutput_QpostLessonMC_7","0","false-d","true"
"30552","3119","2013-09-27 14:14:10","ScppBasicOutput_QpostLessonMC_8","1","true-c","true"
"30553","3119","2013-09-27 14:14:23","ScppBasicOutput_QpostLessonMC_2","1","true-a","true"
"30561","3119","2013-09-27 14:15:31","ScppBasicOutput_QpostLessonSA_1","0","cout ","cout "
"30565","3119","2013-09-27 14:16:06","ScppBasicOutput_QpostLessonSA_2","1","Now we know. It was you!","Now we know. It was you!"
"30569","3119","2013-09-27 14:17:09","ScppBasicOutput_QpostLessonSA_3","1","6 kittens this litter!","6 kittens this litter!"
"30583","4021","2013-09-27 14:18:38","ScppBasicOutput_QpreLesson_1","1","true-a","true"
"30586","3009","2013-09-27 14:18:51","ScppBasicOutput_QpreLesson_1","0","false-d","true"
"30589","3009","2013-09-27 14:19:04","ScppBasicOutput_QpreLesson_2","1","true-d","true"
"30590","4021","2013-09-27 14:19:06","ScppBasicOutput_QpreLesson_2","0","false-c","true"
"30591","3137","2013-09-27 14:19:09","ScppBasicOutput_QpreLesson_1","0","false-c","true"
"30593","3009","2013-09-27 14:19:14","ScppBasicOutput_QpreLesson_3","0","false-c","true"
"30594","3009","2013-09-27 14:19:20","ScppBasicOutput_QpreLesson_4","1","true-c","true"
"30595","3137","2013-09-27 14:19:21","ScppBasicOutput_QpreLesson_2","1","true-d","true"
"30597","3122","2013-09-27 14:19:21","ScppBasicOutput_QpreLesson_1","0","false-d","true"
"30598","4021","2013-09-27 14:19:22","ScppBasicOutput_QpreLesson_3","1","true-b","true"
"30599","3137","2013-09-27 14:19:27","ScppBasicOutput_QpreLesson_3","1","true-b","true"
"30600","3137","2013-09-27 14:19:30","ScppBasicOutput_QpreLesson_4","1","true-c","true"
"30602","3122","2013-09-27 14:19:35","ScppBasicOutput_QpreLesson_2","1","true-d","true"
"30603","4021","2013-09-27 14:19:36","ScppBasicOutput_QpreLesson_4","1","true-c","true"
"30604","3122","2013-09-27 14:19:44","ScppBasicOutput_QpreLesson_3","0","false-c","true"
"30606","3122","2013-09-27 14:19:54","ScppBasicOutput_QpreLesson_4","0","false-b","true"
"30607","3017","2013-09-27 14:20:12","ScppBasicOutput_QpreLesson_1","1","true-a","true"
"30609","3017","2013-09-27 14:20:26","ScppBasicOutput_QpreLesson_2","1","true-d","true"
"30612","3017","2013-09-27 14:20:36","ScppBasicOutput_QpreLesson_3","0","false-a","true"
"30616","3017","2013-09-27 14:20:49","ScppBasicOutput_QpreLesson_4","0","false-a","true"
"30621","3122","2013-09-27 14:21:36","ScppBasicOutput_QpostLessonMC_1","0","false-b","true"
"30623","3122","2013-09-27 14:21:42","ScppBasicOutput_QpostLessonMC_2","0","false-d","true"
"30625","3009","2013-09-27 14:21:43","ScppBasicOutput_QpostLessonMC_1","1","true-c","true"
"30626","3122","2013-09-27 14:21:45","ScppBasicOutput_QpostLessonMC_3","1","true-d","true"
"30628","3009","2013-09-27 14:21:48","ScppBasicOutput_QpostLessonMC_2","0","false-d","true"
"30629","3122","2013-09-27 14:21:50","ScppBasicOutput_QpostLessonMC_4","0","false-a","true"
"30631","3122","2013-09-27 14:22:00","ScppBasicOutput_QpostLessonMC_5","0","false-b","true"
"30644","3009","2013-09-27 14:23:07","ScppBasicOutput_QpostLessonMC_3","1","true-d","true"
"30634","3122","2013-09-27 14:22:06","ScppBasicOutput_QpostLessonMC_6","0","false-b","true"
"30635","3009","2013-09-27 14:22:11","ScppBasicOutput_QpostLessonMC_4","0","false-d","true"
"30636","3122","2013-09-27 14:22:21","ScppBasicOutput_QpostLessonMC_7","0","false-c","true"
"30637","3009","2013-09-27 14:22:24","ScppBasicOutput_QpostLessonMC_5","1","true-c","true"
"30638","3009","2013-09-27 14:22:29","ScppBasicOutput_QpostLessonMC_6","1","true-a","true"
"30639","3122","2013-09-27 14:22:36","ScppBasicOutput_QpostLessonMC_8","1","true-c","true"
"30640","3009","2013-09-27 14:22:43","ScppBasicOutput_QpostLessonMC_7","1","true-b","true"
"30642","3009","2013-09-27 14:22:55","ScppBasicOutput_QpostLessonMC_8","1","true-c","true"
"30643","3122","2013-09-27 14:23:01","ScppBasicOutput_QpostLessonSA_1","0","""Dude, where's my car""","cout "
"30647","3122","2013-09-27 14:23:16","ScppBasicOutput_QpostLessonSA_2","0","Now we know. It was you.","Now we know. It was you!"
"30648","3122","2013-09-27 14:23:34","ScppBasicOutput_QpostLessonSA_3","0","6 kittens this litter","6 kittens this litter!"
"30652","3009","2013-09-27 14:23:49","ScppBasicOutput_QpostLessonSA_2","0","Now we know.","Now we know. It was you!"
"30657","4021","2013-09-27 14:25:58","ScppBasicOutput_QpostLessonMC_1","1","true-c","true"
"30658","4021","2013-09-27 14:26:09","ScppBasicOutput_QpostLessonMC_2","1","true-a","true"
"30659","4021","2013-09-27 14:26:33","ScppBasicOutput_QpostLessonMC_3","1","true-d","true"
"30660","4021","2013-09-27 14:26:43","ScppBasicOutput_QpostLessonMC_4","1","true-b","true"
"30661","4021","2013-09-27 14:27:14","ScppBasicOutput_QpostLessonMC_5","1","true-c","true"
"30662","4021","2013-09-27 14:27:35","ScppBasicOutput_QpostLessonMC_6","1","true-a","true"
"30664","4021","2013-09-27 14:28:03","ScppBasicOutput_QpostLessonMC_7","0","false-d","true"
"30669","4021","2013-09-27 14:28:49","ScppBasicOutput_QpostLessonMC_8","1","true-c","true"
"30689","4021","2013-09-27 14:30:05","ScppBasicOutput_QpostLessonSA_3","1","6 kittens this litter!","6 kittens this litter!"
"30683","3137","2013-09-27 14:29:55","ScppBasicOutput_QpostLessonMC_1","1","true-c","true"
"30686","3137","2013-09-27 14:29:59","ScppBasicOutput_QpostLessonMC_2","0","false-d","true"
"30687","4021","2013-09-27 14:30:03","ScppBasicOutput_QpostLessonSA_2","1","Now we know. It was you!","Now we know. It was you!"
"30688","3137","2013-09-27 14:30:03","ScppBasicOutput_QpostLessonMC_3","1","true-d","true"
"30690","3137","2013-09-27 14:30:06","ScppBasicOutput_QpostLessonMC_4","1","true-b","true"
"30694","3137","2013-09-27 14:30:23","ScppBasicOutput_QpostLessonMC_5","1","true-c","true"
"30697","3137","2013-09-27 14:30:28","ScppBasicOutput_QpostLessonMC_6","1","true-a","true"
"30700","3137","2013-09-27 14:30:34","ScppBasicOutput_QpostLessonMC_7","1","true-b","true"
"30702","3137","2013-09-27 14:30:47","ScppBasicOutput_QpostLessonMC_8","1","true-c","true"
"30709","4021","2013-09-27 14:31:06","ScppBasicOutput_QpostLessonSA_1","0","cout ","cout "
"30711","3137","2013-09-27 14:31:14","ScppBasicOutput_QpostLessonSA_1","1","cout ","cout "
"30713","3137","2013-09-27 14:31:40","ScppBasicOutput_QpostLessonSA_2","1","Now we know. It was you!","Now we know. It was you!"
"30714","3017","2013-09-27 14:31:46","ScppBasicOutput_QpostLessonMC_1","0","false-b","true"
"30715","3017","2013-09-27 14:31:50","ScppBasicOutput_QpostLessonMC_2","1","true-a","true"
"30717","3137","2013-09-27 14:31:59","ScppBasicOutput_QpostLessonSA_3","1","6 kittens this litter!","6 kittens this litter!"
"30771","3017","2013-09-27 14:34:50","ScppBasicOutput_QpostLessonMC_3","1","true-d","true"
"30722","3017","2013-09-27 14:32:20","ScppBasicOutput_QpostLessonMC_4","1","true-b","true"
"30728","3017","2013-09-27 14:32:41","ScppBasicOutput_QpostLessonMC_5","0","false-b","true"
"30730","3017","2013-09-27 14:32:44","ScppBasicOutput_QpostLessonMC_6","1","true-a","true"
"30732","3017","2013-09-27 14:32:53","ScppBasicOutput_QpostLessonMC_7","1","true-b","true"
"30734","3017","2013-09-27 14:33:00","ScppBasicOutput_QpostLessonMC_8","1","true-c","true"
"30778","3017","2013-09-27 14:35:08","ScppBasicOutput_QpostLessonSA_3","1","6 kittens this litter!","6 kittens this litter!"
"30776","3017","2013-09-27 14:35:06","ScppBasicOutput_QpostLessonSA_1","1","cout ","cout "
"30777","3017","2013-09-27 14:35:08","ScppBasicOutput_QpostLessonSA_2","1","Now we know. It was you!","Now we know. It was you!"
"30818","2109","2013-09-27 14:37:49","ScppBasicOutput_QpreLesson_1","0","false-c","true"
"30831","2109","2013-09-27 14:38:25","ScppBasicOutput_QpreLesson_2","0","false-c","true"
"30838","2109","2013-09-27 14:38:41","ScppBasicOutput_QpreLesson_3","0","false-a","true"
"30841","2109","2013-09-27 14:38:51","ScppBasicOutput_QpreLesson_4","1","true-c","true"
"30918","2109","2013-09-27 15:00:06","ScppBasicOutput_QpostLessonMC_1","1","true-c","true"
"30921","2109","2013-09-27 15:00:26","ScppBasicOutput_QpostLessonMC_2","0","false-c","true"
"30922","2109","2013-09-27 15:00:33","ScppBasicOutput_QpostLessonMC_3","1","true-d","true"
"30923","2109","2013-09-27 15:00:41","ScppBasicOutput_QpostLessonMC_4","1","true-b","true"
"30924","2109","2013-09-27 15:00:58","ScppBasicOutput_QpostLessonMC_5","1","true-c","true"
"30925","2139","2013-09-27 15:01:06","ScppBasicOutput_QpreLesson_1","0","false-c","true"
"30926","2109","2013-09-27 15:01:16","ScppBasicOutput_QpostLessonMC_6","1","true-a","true"
"30927","2139","2013-09-27 15:01:23","ScppBasicOutput_QpreLesson_2","1","true-d","true"
"30929","2139","2013-09-27 15:01:32","ScppBasicOutput_QpreLesson_3","0","false-c","true"
"30930","2139","2013-09-27 15:01:38","ScppBasicOutput_QpreLesson_4","0","false-b","true"
"30931","2109","2013-09-27 15:01:46","ScppBasicOutput_QpostLessonMC_7","1","true-b","true"
"30932","2109","2013-09-27 15:01:57","ScppBasicOutput_QpostLessonMC_8","1","true-c","true"
"30935","2109","2013-09-27 15:02:29","ScppBasicOutput_QpostLessonSA_1","1","cout ","cout "
"30937","2109","2013-09-27 15:02:43","ScppBasicOutput_QpostLessonSA_2","1","Now we know. It was you!","Now we know. It was you!"
"30940","2109","2013-09-27 15:02:58","ScppBasicOutput_QpostLessonSA_3","1","6 kittens this litter!","6 kittens this litter!"
"30950","2139","2013-09-27 15:12:17","ScppBasicOutput_QpostLessonMC_1","1","true-c","true"
"30952","2139","2013-09-27 15:12:31","ScppBasicOutput_QpostLessonMC_2","1","true-a","true"
"30972","2139","2013-09-27 15:13:57","ScppBasicOutput_QpostLessonMC_3","0","false-c","true"
"30956","2139","2013-09-27 15:13:00","ScppBasicOutput_QpostLessonMC_4","1","true-b","true"
"30957","2139","2013-09-27 15:13:13","ScppBasicOutput_QpostLessonMC_5","1","true-c","true"
"30959","2139","2013-09-27 15:13:18","ScppBasicOutput_QpostLessonMC_6","1","true-a","true"
"30960","4014","2013-09-27 15:13:20","ScppBasicOutput_QpreLesson_1","0","false-c","true"
"30964","4014","2013-09-27 15:13:33","ScppBasicOutput_QpreLesson_2","1","true-d","true"
"30963","2139","2013-09-27 15:13:33","ScppBasicOutput_QpostLessonMC_7","0","false-c","true"
"30965","4014","2013-09-27 15:13:38","ScppBasicOutput_QpreLesson_3","1","true-b","true"
"30969","3031","2013-09-27 15:13:45","ScppBasicOutput_QpreLesson_2","1","true-d","true"
"30968","4014","2013-09-27 15:13:44","ScppBasicOutput_QpreLesson_4","1","true-c","true"
"30970","2139","2013-09-27 15:13:47","ScppBasicOutput_QpostLessonMC_8","1","true-c","true"
"30974","3031","2013-09-27 15:14:45","ScppBasicOutput_QpreLesson_1","0","false-d","true"
"30975","3031","2013-09-27 15:15:24","ScppBasicOutput_QpreLesson_3","0","false-d","true"
"30976","4014","2013-09-27 15:15:35","ScppBasicOutput_QpostLessonMC_1","1","true-c","true"
"30977","4014","2013-09-27 15:15:41","ScppBasicOutput_QpostLessonMC_2","0","false-c","true"
"30978","4014","2013-09-27 15:15:44","ScppBasicOutput_QpostLessonMC_3","1","true-d","true"
"30979","4014","2013-09-27 15:15:49","ScppBasicOutput_QpostLessonMC_4","1","true-b","true"
"30981","4014","2013-09-27 15:16:05","ScppBasicOutput_QpostLessonMC_6","1","true-a","true"
"30982","3031","2013-09-27 15:16:41","ScppBasicOutput_QpreLesson_4","0","false-b","true"
"30993","4014","2013-09-27 15:19:06","ScppBasicOutput_QpostLessonMC_5","1","true-c","true"
"30984","4014","2013-09-27 15:17:02","ScppBasicOutput_QpostLessonMC_7","1","true-b","true"
"30985","4014","2013-09-27 15:17:09","ScppBasicOutput_QpostLessonMC_8","1","true-c","true"
"30986","2139","2013-09-27 15:17:28","ScppBasicOutput_QpostLessonSA_2","0","Now we know. ","Now we know. It was you!"
"30987","4014","2013-09-27 15:18:12","ScppBasicOutput_QpostLessonSA_2","1","Now we know. It was you!","Now we know. It was you!"
"30988","4014","2013-09-27 15:18:13","ScppBasicOutput_QpostLessonSA_1","1","cout ","cout "
"30992","4014","2013-09-27 15:18:58","ScppBasicOutput_QpostLessonSA_3","0","6 kittens in the litter!","6 kittens this litter!"
"30994","3109","2013-09-27 15:19:36","ScppBasicOutput_QpreLesson_1","1","true-a","true"
"30996","3109","2013-09-27 15:20:35","ScppBasicOutput_QpreLesson_2","0","false-b","true"
"30997","3109","2013-09-27 15:20:58","ScppBasicOutput_QpreLesson_3","0","false-c","true"
"30999","3109","2013-09-27 15:21:10","ScppBasicOutput_QpreLesson_4","0","false-b","true"
"31007","4038","2013-09-27 15:27:41","ScppBasicOutput_QpreLesson_1","1","true-a","true"
"31008","4038","2013-09-27 15:28:00","ScppBasicOutput_QpreLesson_2","1","true-d","true"
"31009","4038","2013-09-27 15:28:07","ScppBasicOutput_QpreLesson_3","0","false-c","true"
"31010","4038","2013-09-27 15:28:14","ScppBasicOutput_QpreLesson_4","1","true-c","true"
"31012","4038","2013-09-27 15:30:14","ScppBasicOutput_QpostLessonMC_1","1","true-c","true"
"31013","4038","2013-09-27 15:30:17","ScppBasicOutput_QpostLessonMC_2","1","true-a","true"
"31015","4038","2013-09-27 15:30:26","ScppBasicOutput_QpostLessonMC_3","1","true-d","true"
"31016","4038","2013-09-27 15:30:30","ScppBasicOutput_QpostLessonMC_4","1","true-b","true"
"31021","4038","2013-09-27 15:30:40","ScppBasicOutput_QpostLessonMC_5","0","false-d","true"
"31024","4038","2013-09-27 15:30:49","ScppBasicOutput_QpostLessonMC_6","0","false-d","true"
"31023","3031","2013-09-27 15:30:46","ScppBasicOutput_QpostLessonMC_2","0","false-d","true"
"31025","3031","2013-09-27 15:30:50","ScppBasicOutput_QpostLessonMC_1","1","true-c","true"
"31026","4038","2013-09-27 15:30:53","ScppBasicOutput_QpostLessonMC_7","1","true-b","true"
"31028","4038","2013-09-27 15:31:03","ScppBasicOutput_QpostLessonMC_8","1","true-c","true"
"31029","3031","2013-09-27 15:31:11","ScppBasicOutput_QpostLessonMC_3","0","false-c","true"
"31030","3031","2013-09-27 15:31:16","ScppBasicOutput_QpostLessonMC_4","1","true-b","true"
"31031","3031","2013-09-27 15:31:39","ScppBasicOutput_QpostLessonMC_5","0","false-b","true"
"31032","3031","2013-09-27 15:31:47","ScppBasicOutput_QpostLessonMC_6","0","false-d","true"
"31033","3031","2013-09-27 15:32:01","ScppBasicOutput_QpostLessonMC_7","1","true-b","true"
"31034","3031","2013-09-27 15:32:22","ScppBasicOutput_QpostLessonMC_8","0","false-a","true"
"31042","3031","2013-09-27 15:33:45","ScppBasicOutput_QpostLessonSA_1","0","cout ","cout "
"31045","3031","2013-09-27 15:34:32","ScppBasicOutput_QpostLessonSA_2","0","Now we know. It was you!","Now we know. It was you!"
"31046","3031","2013-09-27 15:34:47","ScppBasicOutput_QpostLessonSA_3","0","kittens this litter!","6 kittens this litter!"
"31202","3109","2013-09-27 16:05:37","ScppBasicOutput_QpostLessonMC_1","0","false-b","true"
"31203","3109","2013-09-27 16:05:46","ScppBasicOutput_QpostLessonMC_2","0","false-c","true"
"31205","3109","2013-09-27 16:06:42","ScppBasicOutput_QpostLessonMC_3","1","true-d","true"
"31206","3109","2013-09-27 16:06:48","ScppBasicOutput_QpostLessonMC_4","1","true-b","true"
"31207","3109","2013-09-27 16:07:17","ScppBasicOutput_QpostLessonMC_5","0","false-b","true"
"31208","3109","2013-09-27 16:07:28","ScppBasicOutput_QpostLessonMC_6","1","true-a","true"
"31209","3109","2013-09-27 16:07:44","ScppBasicOutput_QpostLessonMC_7","1","true-b","true"
"31211","3109","2013-09-27 16:08:28","ScppBasicOutput_QpostLessonMC_8","1","true-c","true"
"31212","3109","2013-09-27 16:11:12","ScppBasicOutput_QpostLessonSA_1","0","cout ","cout "
"31213","3109","2013-09-27 16:11:30","ScppBasicOutput_QpostLessonSA_2","0","Now we know.","Now we know. It was you!"
"31222","3127","2013-09-27 16:12:27","ScppBasicOutput_QpreLesson_1","1","true-a","true"
"31223","3109","2013-09-27 16:12:30","ScppBasicOutput_QpostLessonSA_3","1","6 kittens this litter!","6 kittens this litter!"
"31228","3127","2013-09-27 16:12:54","ScppBasicOutput_QpreLesson_2","1","true-d","true"
"31229","3127","2013-09-27 16:12:58","ScppBasicOutput_QpreLesson_3","1","true-b","true"
"31230","3127","2013-09-27 16:13:03","ScppBasicOutput_QpreLesson_4","1","true-c","true"
"31231","3131","2013-09-27 16:13:07","ScppBasicOutput_QpreLesson_1","1","true-a","true"
"31240","3131","2013-09-27 16:13:48","ScppBasicOutput_QpreLesson_2","1","true-d","true"
"31241","3131","2013-09-27 16:13:57","ScppBasicOutput_QpreLesson_3","1","true-b","true"
"31242","3131","2013-09-27 16:14:17","ScppBasicOutput_QpreLesson_4","0","false-a","true"
"31248","4037","2013-09-27 16:15:38","ScppBasicOutput_QpreLesson_2","1","true-d","true"
"31250","4037","2013-09-27 16:15:53","ScppBasicOutput_QpreLesson_4","1","true-c","true"
"31251","4037","2013-09-27 16:15:58","ScppBasicOutput_QpreLesson_3","0","false-a","true"
"31252","4037","2013-09-27 16:16:04","ScppBasicOutput_QpreLesson_1","0","false-c","true"
"31259","3131","2013-09-27 16:17:27","ScppBasicOutput_QpostLessonMC_1","0","false-a","true"
"31261","3131","2013-09-27 16:17:32","ScppBasicOutput_QpostLessonMC_2","1","true-a","true"
"31263","3131","2013-09-27 16:17:39","ScppBasicOutput_QpostLessonMC_3","0","false-c","true"
"31268","3131","2013-09-27 16:17:46","ScppBasicOutput_QpostLessonMC_4","1","true-b","true"
"31270","3127","2013-09-27 16:17:50","ScppBasicOutput_QpostLessonMC_1","1","true-c","true"
"31271","3127","2013-09-27 16:17:53","ScppBasicOutput_QpostLessonMC_2","1","true-a","true"
"31273","3131","2013-09-27 16:17:57","ScppBasicOutput_QpostLessonMC_5","1","true-c","true"
"31275","3127","2013-09-27 16:17:58","ScppBasicOutput_QpostLessonMC_3","1","true-d","true"
"31277","3127","2013-09-27 16:18:00","ScppBasicOutput_QpostLessonMC_4","0","false-c","true"
"31278","3131","2013-09-27 16:18:03","ScppBasicOutput_QpostLessonMC_6","1","true-a","true"
"31285","3127","2013-09-27 16:18:11","ScppBasicOutput_QpostLessonMC_5","1","true-c","true"
"31290","3127","2013-09-27 16:18:16","ScppBasicOutput_QpostLessonMC_6","1","true-a","true"
"31293","3131","2013-09-27 16:18:20","ScppBasicOutput_QpostLessonMC_7","1","true-b","true"
"31294","3127","2013-09-27 16:18:22","ScppBasicOutput_QpostLessonMC_7","1","true-b","true"
"31299","3127","2013-09-27 16:18:33","ScppBasicOutput_QpostLessonMC_8","1","true-c","true"
"31301","3131","2013-09-27 16:18:37","ScppBasicOutput_QpostLessonMC_8","1","true-c","true"
"31319","3131","2013-09-27 16:19:29","ScppBasicOutput_QpostLessonSA_1","1","cout ","cout "
"31323","3127","2013-09-27 16:19:51","ScppBasicOutput_QpostLessonSA_1","0","cout ","cout "
"31324","3127","2013-09-27 16:19:59","ScppBasicOutput_QpostLessonSA_2","1","Now we know. It was you!","Now we know. It was you!"
"31325","3127","2013-09-27 16:20:04","ScppBasicOutput_QpostLessonSA_3","1","6 kittens this litter!","6 kittens this litter!"
"31326","3111","2013-09-27 16:20:08","ScppBasicOutput_QpreLesson_1","0","false-d","true"
"31327","3111","2013-09-27 16:20:31","ScppBasicOutput_QpreLesson_2","0","false-c","true"
"31329","3111","2013-09-27 16:20:50","ScppBasicOutput_QpreLesson_3","0","false-a","true"
"31330","3111","2013-09-27 16:21:00","ScppBasicOutput_QpreLesson_4","0","false-b","true"
"31337","2132","2013-09-27 16:23:20","ScppBasicOutput_QpreLesson_1","1","true-a","true"
"31342","2132","2013-09-27 16:23:36","ScppBasicOutput_QpreLesson_2","1","true-d","true"
"31343","2132","2013-09-27 16:23:41","ScppBasicOutput_QpreLesson_3","1","true-b","true"
"31344","2132","2013-09-27 16:23:49","ScppBasicOutput_QpreLesson_4","1","true-c","true"
"31347","4037","2013-09-27 16:24:53","ScppBasicOutput_QpostLessonMC_1","0","false-b","true"
"31348","4037","2013-09-27 16:25:00","ScppBasicOutput_QpostLessonMC_2","1","true-a","true"
"31349","3111","2013-09-27 16:25:07","ScppBasicOutput_QpostLessonMC_1","0","false-b","true"
"31350","4037","2013-09-27 16:25:09","ScppBasicOutput_QpostLessonMC_3","1","true-d","true"
"31351","4037","2013-09-27 16:25:11","ScppBasicOutput_QpostLessonMC_4","1","true-b","true"
"31354","3111","2013-09-27 16:25:24","ScppBasicOutput_QpostLessonMC_2","1","true-a","true"
"31355","4037","2013-09-27 16:25:25","ScppBasicOutput_QpostLessonMC_5","0","false-b","true"
"31356","3111","2013-09-27 16:25:27","ScppBasicOutput_QpostLessonMC_3","0","false-c","true"
"31357","4037","2013-09-27 16:25:28","ScppBasicOutput_QpostLessonMC_6","1","true-a","true"
"31358","3111","2013-09-27 16:25:33","ScppBasicOutput_QpostLessonMC_4","1","true-b","true"
"31369","2119","2013-09-27 16:25:51","ScppBasicOutput_QpreLesson_4","0","false-b","true"
"31373","4037","2013-09-27 16:25:57","ScppBasicOutput_QpostLessonMC_7","0","false-c","true"
"31372","2119","2013-09-27 16:25:54","ScppBasicOutput_QpreLesson_3","0","false-c","true"
"31380","3111","2013-09-27 16:26:24","ScppBasicOutput_QpostLessonMC_5","1","true-c","true"
"31376","4037","2013-09-27 16:26:10","ScppBasicOutput_QpostLessonMC_8","1","true-c","true"
"31382","2119","2013-09-27 16:26:26","ScppBasicOutput_QpreLesson_2","0","false-a","true"
"31383","3111","2013-09-27 16:26:30","ScppBasicOutput_QpostLessonMC_6","0","false-b","true"
"31384","2119","2013-09-27 16:26:36","ScppBasicOutput_QpreLesson_1","0","false-c","true"
"31385","3111","2013-09-27 16:26:46","ScppBasicOutput_QpostLessonMC_7","1","true-b","true"
"31410","3111","2013-09-27 16:28:34","ScppBasicOutput_QpostLessonMC_8","1","true-c","true"
"31394","4037","2013-09-27 16:27:43","ScppBasicOutput_QpostLessonSA_2","0","Now we know.         It was you!","Now we know. It was you!"
"31396","2111","2013-09-27 16:27:50","ScppBasicOutput_QpreLesson_1","1","true-a","true"
"31397","2111","2013-09-27 16:27:55","ScppBasicOutput_QpreLesson_2","1","true-d","true"
"31399","2111","2013-09-27 16:28:00","ScppBasicOutput_QpreLesson_3","0","false-c","true"
"31424","3111","2013-09-27 16:29:25","ScppBasicOutput_QpostLessonSA_1","1","cout ","cout "
"31401","2111","2013-09-27 16:28:02","ScppBasicOutput_QpreLesson_4","0","false-a","true"
"31402","4037","2013-09-27 16:28:05","ScppBasicOutput_QpostLessonSA_3","1","6 kittens this litter!","6 kittens this litter!"
"31423","3111","2013-09-27 16:29:25","ScppBasicOutput_QpostLessonSA_2","1","Now we know. It was you!","Now we know. It was you!"
"31422","3111","2013-09-27 16:29:24","ScppBasicOutput_QpostLessonSA_3","1","6 kittens this litter!","6 kittens this litter!"
"31426","2132","2013-09-27 16:29:30","ScppBasicOutput_QpostLessonMC_1","1","true-c","true"
"31428","2132","2013-09-27 16:29:36","ScppBasicOutput_QpostLessonMC_2","1","true-a","true"
"31431","2132","2013-09-27 16:29:47","ScppBasicOutput_QpostLessonMC_3","1","true-d","true"
"31432","2132","2013-09-27 16:29:51","ScppBasicOutput_QpostLessonMC_4","1","true-b","true"
"31433","2132","2013-09-27 16:30:00","ScppBasicOutput_QpostLessonMC_5","1","true-c","true"
"31436","2132","2013-09-27 16:30:09","ScppBasicOutput_QpostLessonMC_6","1","true-a","true"
"31440","2132","2013-09-27 16:30:32","ScppBasicOutput_QpostLessonMC_7","1","true-b","true"
"31449","2132","2013-09-27 16:31:03","ScppBasicOutput_QpostLessonMC_8","1","true-c","true"
"31455","2132","2013-09-27 16:31:28","ScppBasicOutput_QpostLessonSA_1","1","cout ","cout "
"31461","2132","2013-09-27 16:32:01","ScppBasicOutput_QpostLessonSA_2","1","Now we know. It was you!","Now we know. It was you!"
"31462","2132","2013-09-27 16:32:02","ScppBasicOutput_QpostLessonSA_3","1","6 kittens this litter!","6 kittens this litter!"
"31516","4301","2013-09-27 16:35:42","ScppBasicOutput_QpreLesson_1","0","false-d","true"
"31525","4301","2013-09-27 16:36:05","ScppBasicOutput_QpreLesson_2","1","true-d","true"
"31529","2111","2013-09-27 16:36:10","ScppBasicOutput_QpostLessonMC_1","1","true-c","true"
"31531","2111","2013-09-27 16:36:14","ScppBasicOutput_QpostLessonMC_2","1","true-a","true"
"31532","4301","2013-09-27 16:36:14","ScppBasicOutput_QpreLesson_3","1","true-b","true"
"31533","2111","2013-09-27 16:36:18","ScppBasicOutput_QpostLessonMC_3","1","true-d","true"
"31535","2111","2013-09-27 16:36:21","ScppBasicOutput_QpostLessonMC_4","1","true-b","true"
"31537","4301","2013-09-27 16:36:26","ScppBasicOutput_QpreLesson_4","0","false-b","true"
"31539","2111","2013-09-27 16:36:29","ScppBasicOutput_QpostLessonMC_5","1","true-c","true"
"31542","2111","2013-09-27 16:36:33","ScppBasicOutput_QpostLessonMC_6","1","true-a","true"
"31545","2111","2013-09-27 16:36:45","ScppBasicOutput_QpostLessonMC_7","1","true-b","true"
"31548","2111","2013-09-27 16:36:54","ScppBasicOutput_QpostLessonMC_8","1","true-c","true"
"31574","3103","2013-09-27 16:38:03","ScppBasicOutput_QpreLesson_1","1","true-a","true"
"31582","3103","2013-09-27 16:38:24","ScppBasicOutput_QpreLesson_2","1","true-d","true"
"31584","3103","2013-09-27 16:38:36","ScppBasicOutput_QpreLesson_3","1","true-b","true"
"31586","3103","2013-09-27 16:38:41","ScppBasicOutput_QpreLesson_4","1","true-c","true"
"31617","4301","2013-09-27 16:41:22","ScppBasicOutput_QpostLessonMC_1","0","false-a","true"
"31619","4301","2013-09-27 16:41:32","ScppBasicOutput_QpostLessonMC_2","0","false-d","true"
"31626","4301","2013-09-27 16:41:43","ScppBasicOutput_QpostLessonMC_3","1","true-d","true"
"31629","4301","2013-09-27 16:41:50","ScppBasicOutput_QpostLessonMC_4","0","false-c","true"
"31634","4301","2013-09-27 16:42:02","ScppBasicOutput_QpostLessonMC_5","1","true-c","true"
"31637","4301","2013-09-27 16:42:16","ScppBasicOutput_QpostLessonMC_6","1","true-a","true"
"31642","4301","2013-09-27 16:42:29","ScppBasicOutput_QpostLessonMC_7","0","false-c","true"
"31646","4301","2013-09-27 16:42:38","ScppBasicOutput_QpostLessonMC_8","1","true-c","true"
"31656","4301","2013-09-27 16:43:28","ScppBasicOutput_QpostLessonSA_1","1","cout ","cout "
"31659","2119","2013-09-27 16:43:39","ScppBasicOutput_QpostLessonMC_1","1","true-c","true"
"31661","4301","2013-09-27 16:43:46","ScppBasicOutput_QpostLessonSA_2","1","Now we know. It was you!","Now we know. It was you!"
"31662","2119","2013-09-27 16:43:49","ScppBasicOutput_QpostLessonMC_2","0","false-d","true"
"31663","2119","2013-09-27 16:44:01","ScppBasicOutput_QpostLessonMC_3","0","false-c","true"
"31664","4301","2013-09-27 16:44:02","ScppBasicOutput_QpostLessonSA_3","0","Kittens this litter!","6 kittens this litter!"
"31669","2119","2013-09-27 16:44:19","ScppBasicOutput_QpostLessonMC_5","0","false-b","true"
"31674","2119","2013-09-27 16:44:26","ScppBasicOutput_QpostLessonMC_6","0","false-d","true"
"31678","2119","2013-09-27 16:44:39","ScppBasicOutput_QpostLessonMC_7","1","true-b","true"
"31691","2119","2013-09-27 16:45:05","ScppBasicOutput_QpostLessonMC_8","0","false-b","true"
"31700","2119","2013-09-27 16:45:28","ScppBasicOutput_QpostLessonMC_4","0","false-a","true"
"31705","2119","2013-09-27 16:46:04","ScppBasicOutput_QpostLessonSA_1","0","cout ","cout "
"31710","2119","2013-09-27 16:46:19","ScppBasicOutput_QpostLessonSA_2","0","Now we know.","Now we know. It was you!"
