"27916","3020","2013-09-27 12:28:14","ScppBasicOutput_QpreLesson_1","0","false-d","true"
"27917","4029","2013-09-27 12:28:16","ScppBasicOutput_QpreLesson_1","1","true-a","true"
"27918","3020","2013-09-27 12:28:20","ScppBasicOutput_QpreLesson_2","1","true-d","true"
"27920","3020","2013-09-27 12:28:25","ScppBasicOutput_QpreLesson_3","1","true-b","true"
"27924","3020","2013-09-27 12:28:32","ScppBasicOutput_QpreLesson_4","1","true-c","true"
"27925","4029","2013-09-27 12:28:33","ScppBasicOutput_QpreLesson_2","1","true-d","true"
"27929","4029","2013-09-27 12:28:43","ScppBasicOutput_QpreLesson_3","1","true-b","true"
"27932","4029","2013-09-27 12:28:50","ScppBasicOutput_QpreLesson_4","1","true-c","true"
"27934","3030","2013-09-27 12:28:54","ScppBasicOutput_QpreLesson_2","1","true-d","true"
"27936","4113","2013-09-27 12:28:55","ScppBasicOutput_QpreLesson_1","0","false-b","true"
"27937","3030","2013-09-27 12:28:57","ScppBasicOutput_QpreLesson_3","1","true-b","true"
"27939","3030","2013-09-27 12:29:01","ScppBasicOutput_QpreLesson_4","1","true-c","true"
"27944","3030","2013-09-27 12:29:13","ScppBasicOutput_QpreLesson_1","0","false-d","true"
"27942","4134","2013-09-27 12:29:09","ScppBasicOutput_QpreLesson_1","0","false-d","true"
"27943","3021","2013-09-27 12:29:12","ScppBasicOutput_QpreLesson_1","0","false-c","true"
"27946","4113","2013-09-27 12:29:18","ScppBasicOutput_QpreLesson_2","1","true-d","true"
"27947","3021","2013-09-27 12:29:19","ScppBasicOutput_QpreLesson_2","0","false-c","true"
"27948","4134","2013-09-27 12:29:22","ScppBasicOutput_QpreLesson_2","1","true-d","true"
"27951","3021","2013-09-27 12:29:29","ScppBasicOutput_QpreLesson_3","1","true-b","true"
"27959","4113","2013-09-27 12:29:34","ScppBasicOutput_QpreLesson_3","1","true-b","true"
"27955","3021","2013-09-27 12:29:33","ScppBasicOutput_QpreLesson_4","1","true-c","true"
"27957","4111","2013-09-27 12:29:33","ScppBasicOutput_QpreLesson_1","0","false-c","true"
"27958","4134","2013-09-27 12:29:34","ScppBasicOutput_QpreLesson_3","1","true-b","true"
"27964","4134","2013-09-27 12:29:41","ScppBasicOutput_QpreLesson_4","0","false-b","true"
"27965","4111","2013-09-27 12:29:44","ScppBasicOutput_QpreLesson_2","1","true-d","true"
"27966","4133","2013-09-27 12:29:46","ScppBasicOutput_QpreLesson_2","1","true-d","true"
"27969","4113","2013-09-27 12:29:53","ScppBasicOutput_QpreLesson_4","0","false-a","true"
"27970","4133","2013-09-27 12:29:55","ScppBasicOutput_QpreLesson_1","0","false-d","true"
"27971","4111","2013-09-27 12:29:57","ScppBasicOutput_QpreLesson_3","0","false-c","true"
"27972","4120","2013-09-27 12:29:58","ScppBasicOutput_QpreLesson_3","0","false-a","true"
"27973","4133","2013-09-27 12:29:59","ScppBasicOutput_QpreLesson_3","0","false-a","true"
"27975","4120","2013-09-27 12:30:06","ScppBasicOutput_QpreLesson_4","0","false-b","true"
"27976","4111","2013-09-27 12:30:07","ScppBasicOutput_QpreLesson_4","1","true-c","true"
"27977","4133","2013-09-27 12:30:07","ScppBasicOutput_QpreLesson_4","1","true-c","true"
"27984","4120","2013-09-27 12:30:24","ScppBasicOutput_QpreLesson_2","1","true-d","true"
"27986","4120","2013-09-27 12:30:35","ScppBasicOutput_QpreLesson_1","1","true-a","true"
"27996","3139","2013-09-27 12:31:53","ScppBasicOutput_QpreLesson_2","1","true-d","true"
"27999","3139","2013-09-27 12:32:07","ScppBasicOutput_QpreLesson_1","1","true-a","true"
"28005","3139","2013-09-27 12:32:16","ScppBasicOutput_QpreLesson_3","1","true-b","true"
"28009","3139","2013-09-27 12:32:28","ScppBasicOutput_QpreLesson_4","1","true-c","true"
"28053","2301","2013-09-27 12:34:11","ScppBasicOutput_QpreLesson_1","0","false-d","true"
"28054","2301","2013-09-27 12:34:12","ScppBasicOutput_QpreLesson_2","1","true-d","true"
"28055","2301","2013-09-27 12:34:15","ScppBasicOutput_QpreLesson_3","1","true-b","true"
"28056","2301","2013-09-27 12:34:16","ScppBasicOutput_QpreLesson_4","1","true-c","true"
"28194","4133","2013-09-27 12:39:36","ScppBasicOutput_QpostLessonMC_1","0","false-b","true"
"28197","4133","2013-09-27 12:39:41","ScppBasicOutput_QpostLessonMC_2","1","true-a","true"
"28207","4133","2013-09-27 12:39:48","ScppBasicOutput_QpostLessonMC_3","1","true-d","true"
"28210","4133","2013-09-27 12:39:51","ScppBasicOutput_QpostLessonMC_4","1","true-b","true"
"28219","4133","2013-09-27 12:40:04","ScppBasicOutput_QpostLessonMC_5","0","false-b","true"
"28225","4133","2013-09-27 12:40:11","ScppBasicOutput_QpostLessonMC_6","0","false-b","true"
"28231","4133","2013-09-27 12:40:19","ScppBasicOutput_QpostLessonMC_7","1","true-b","true"
"28237","4133","2013-09-27 12:40:27","ScppBasicOutput_QpostLessonMC_8","1","true-c","true"
"28253","4029","2013-09-27 12:40:54","ScppBasicOutput_QpostLessonMC_1","1","true-c","true"
"28259","4029","2013-09-27 12:41:03","ScppBasicOutput_QpostLessonMC_4","1","true-b","true"
"28260","4029","2013-09-27 12:41:05","ScppBasicOutput_QpostLessonMC_3","1","true-d","true"
"28266","4029","2013-09-27 12:41:10","ScppBasicOutput_QpostLessonMC_2","0","false-d","true"
"28268","3021","2013-09-27 12:41:12","ScppBasicOutput_QpostLessonMC_1","1","true-c","true"
"28275","4029","2013-09-27 12:41:18","ScppBasicOutput_QpostLessonMC_5","1","true-c","true"
"28276","3021","2013-09-27 12:41:19","ScppBasicOutput_QpostLessonMC_2","0","false-c","true"
"28278","4029","2013-09-27 12:41:22","ScppBasicOutput_QpostLessonMC_6","1","true-a","true"
"28281","3021","2013-09-27 12:41:24","ScppBasicOutput_QpostLessonMC_3","1","true-d","true"
"28287","3020","2013-09-27 12:41:27","ScppBasicOutput_QpostLessonMC_1","1","true-c","true"
"28288","3021","2013-09-27 12:41:27","ScppBasicOutput_QpostLessonMC_4","1","true-b","true"
"28290","3020","2013-09-27 12:41:29","ScppBasicOutput_QpostLessonMC_2","0","false-d","true"
"28292","4029","2013-09-27 12:41:31","ScppBasicOutput_QpostLessonMC_7","1","true-b","true"
"28293","4111","2013-09-27 12:41:31","ScppBasicOutput_QpostLessonMC_1","1","true-c","true"
"28298","4133","2013-09-27 12:41:35","ScppBasicOutput_QpostLessonSA_1","1","cout ","cout "
"28300","4133","2013-09-27 12:41:37","ScppBasicOutput_QpostLessonSA_2","1","Now we know. It was you!","Now we know. It was you!"
"28297","3020","2013-09-27 12:41:34","ScppBasicOutput_QpostLessonMC_3","1","true-d","true"
"28299","3021","2013-09-27 12:41:36","ScppBasicOutput_QpostLessonMC_5","1","true-c","true"
"28302","4029","2013-09-27 12:41:39","ScppBasicOutput_QpostLessonMC_8","1","true-c","true"
"28303","3020","2013-09-27 12:41:39","ScppBasicOutput_QpostLessonMC_4","1","true-b","true"
"28305","4111","2013-09-27 12:41:41","ScppBasicOutput_QpostLessonMC_2","0","false-c","true"
"28317","3021","2013-09-27 12:41:53","ScppBasicOutput_QpostLessonMC_6","1","true-a","true"
"28308","3020","2013-09-27 12:41:45","ScppBasicOutput_QpostLessonMC_5","1","true-c","true"
"28312","4111","2013-09-27 12:41:51","ScppBasicOutput_QpostLessonMC_3","1","true-d","true"
"28313","3020","2013-09-27 12:41:51","ScppBasicOutput_QpostLessonMC_6","1","true-a","true"
"28318","3020","2013-09-27 12:41:56","ScppBasicOutput_QpostLessonMC_7","1","true-b","true"
"28319","4133","2013-09-27 12:41:56","ScppBasicOutput_QpostLessonSA_3","0","6 kittens in this litter","6 kittens this litter!"
"28320","4111","2013-09-27 12:41:57","ScppBasicOutput_QpostLessonMC_4","1","true-b","true"
"28323","3020","2013-09-27 12:42:05","ScppBasicOutput_QpostLessonMC_8","1","true-c","true"
"28324","4029","2013-09-27 12:42:06","ScppBasicOutput_QpostLessonSA_1","0","cout ","cout "
"28325","3021","2013-09-27 12:42:07","ScppBasicOutput_QpostLessonMC_7","0","false-d","true"
"28327","4111","2013-09-27 12:42:10","ScppBasicOutput_QpostLessonMC_5","1","true-c","true"
"28329","4111","2013-09-27 12:42:15","ScppBasicOutput_QpostLessonMC_6","1","true-a","true"
"28330","3021","2013-09-27 12:42:17","ScppBasicOutput_QpostLessonMC_8","1","true-c","true"
"28334","4029","2013-09-27 12:42:19","ScppBasicOutput_QpostLessonSA_2","1","Now we know. It was you!","Now we know. It was you!"
"28338","3020","2013-09-27 12:42:24","ScppBasicOutput_QpostLessonSA_1","1","cout ","cout "
"28340","4111","2013-09-27 12:42:26","ScppBasicOutput_QpostLessonMC_7","1","true-b","true"
"28345","4111","2013-09-27 12:42:33","ScppBasicOutput_QpostLessonMC_8","1","true-c","true"
"28346","4029","2013-09-27 12:42:33","ScppBasicOutput_QpostLessonSA_3","1","6 kittens this litter!","6 kittens this litter!"
"28347","3021","2013-09-27 12:42:34","ScppBasicOutput_QpostLessonSA_1","0","cout ","cout "
"28348","3020","2013-09-27 12:42:36","ScppBasicOutput_QpostLessonSA_2","1","Now we know. It was you!","Now we know. It was you!"
"28356","3030","2013-09-27 12:42:49","ScppBasicOutput_QpostLessonMC_1","1","true-c","true"
"28358","3021","2013-09-27 12:42:49","ScppBasicOutput_QpostLessonSA_2","1","Now we know. It was you!","Now we know. It was you!"
"28361","3030","2013-09-27 12:42:51","ScppBasicOutput_QpostLessonMC_2","1","true-a","true"
"28363","3030","2013-09-27 12:42:58","ScppBasicOutput_QpostLessonMC_3","1","true-d","true"
"28365","4111","2013-09-27 12:43:00","ScppBasicOutput_QpostLessonSA_1","1","cout ","cout "
"28368","3030","2013-09-27 12:43:01","ScppBasicOutput_QpostLessonMC_4","1","true-b","true"
"28369","3020","2013-09-27 12:43:01","ScppBasicOutput_QpostLessonSA_3","0"," kittens this litter!","6 kittens this litter!"
"28371","3021","2013-09-27 12:43:09","ScppBasicOutput_QpostLessonSA_3","0"," kittens this litter","6 kittens this litter!"
"28373","3030","2013-09-27 12:43:09","ScppBasicOutput_QpostLessonMC_5","1","true-c","true"
"28376","3030","2013-09-27 12:43:17","ScppBasicOutput_QpostLessonMC_6","1","true-a","true"
"28380","4111","2013-09-27 12:43:20","ScppBasicOutput_QpostLessonSA_2","1","Now we know. It was you!","Now we know. It was you!"
"28381","2301","2013-09-27 12:43:21","ScppBasicOutput_QpostLessonMC_1","1","true-c","true"
"28383","3030","2013-09-27 12:43:27","ScppBasicOutput_QpostLessonMC_7","1","true-b","true"
"28386","4111","2013-09-27 12:43:30","ScppBasicOutput_QpostLessonSA_3","1","6 kittens this litter!","6 kittens this litter!"
"28388","2301","2013-09-27 12:43:35","ScppBasicOutput_QpostLessonMC_2","1","true-a","true"
"28389","2301","2013-09-27 12:43:38","ScppBasicOutput_QpostLessonMC_3","1","true-d","true"
"28390","3030","2013-09-27 12:43:40","ScppBasicOutput_QpostLessonMC_8","1","true-c","true"
"28391","2301","2013-09-27 12:43:40","ScppBasicOutput_QpostLessonMC_4","1","true-b","true"
"28392","2301","2013-09-27 12:43:50","ScppBasicOutput_QpostLessonMC_5","1","true-c","true"
"28393","2301","2013-09-27 12:43:56","ScppBasicOutput_QpostLessonMC_6","1","true-a","true"
"28395","3030","2013-09-27 12:43:58","ScppBasicOutput_QpostLessonSA_1","0","cout ","cout "
"28397","2301","2013-09-27 12:44:04","ScppBasicOutput_QpostLessonMC_7","1","true-b","true"
"28399","3030","2013-09-27 12:44:10","ScppBasicOutput_QpostLessonSA_2","1","Now we know. It was you!","Now we know. It was you!"
"28402","3030","2013-09-27 12:44:18","ScppBasicOutput_QpostLessonSA_3","1","6 kittens this litter!","6 kittens this litter!"
"28403","2301","2013-09-27 12:44:20","ScppBasicOutput_QpostLessonMC_8","1","true-c","true"
"28420","2301","2013-09-27 12:45:11","ScppBasicOutput_QpostLessonSA_1","0","cout ","cout "
"28421","2301","2013-09-27 12:45:12","ScppBasicOutput_QpostLessonSA_2","1","Now we know. It was you!","Now we know. It was you!"
"28422","2301","2013-09-27 12:45:13","ScppBasicOutput_QpostLessonSA_3","1","6 kittens this litter!","6 kittens this litter!"
"28425","2125","2013-09-27 12:45:18","ScppBasicOutput_QpreLesson_1","1","true-a","true"
"28429","2125","2013-09-27 12:45:28","ScppBasicOutput_QpreLesson_2","0","false-a","true"
"28434","2125","2013-09-27 12:45:35","ScppBasicOutput_QpreLesson_3","0","false-c","true"
"28436","2125","2013-09-27 12:45:46","ScppBasicOutput_QpreLesson_4","1","true-c","true"
"28460","3125","2013-09-27 12:46:47","ScppBasicOutput_QpreLesson_1","0","false-c","true"
"28465","4113","2013-09-27 12:47:02","ScppBasicOutput_QpostLessonMC_1","0","false-a","true"
"28469","3125","2013-09-27 12:47:10","ScppBasicOutput_QpreLesson_3","1","true-b","true"
"28473","4113","2013-09-27 12:47:17","ScppBasicOutput_QpostLessonMC_2","0","false-d","true"
"28474","3125","2013-09-27 12:47:18","ScppBasicOutput_QpreLesson_4","1","true-c","true"
"28478","4113","2013-09-27 12:47:28","ScppBasicOutput_QpostLessonMC_3","1","true-d","true"
"28480","3125","2013-09-27 12:47:31","ScppBasicOutput_QpreLesson_2","1","true-d","true"
"28481","4113","2013-09-27 12:47:34","ScppBasicOutput_QpostLessonMC_4","1","true-b","true"
"28489","4113","2013-09-27 12:47:52","ScppBasicOutput_QpostLessonMC_5","1","true-c","true"
"28497","4113","2013-09-27 12:48:01","ScppBasicOutput_QpostLessonMC_6","1","true-a","true"
"28506","4113","2013-09-27 12:48:36","ScppBasicOutput_QpostLessonMC_7","1","true-b","true"
"28510","4113","2013-09-27 12:48:49","ScppBasicOutput_QpostLessonMC_8","1","true-c","true"
"28516","4113","2013-09-27 12:49:26","ScppBasicOutput_QpostLessonSA_1","1","cout ","cout "
"28518","3139","2013-09-27 12:49:50","ScppBasicOutput_QpostLessonMC_1","1","true-c","true"
"28519","4120","2013-09-27 12:49:50","ScppBasicOutput_QpostLessonMC_1","1","true-c","true"
"28520","3139","2013-09-27 12:49:54","ScppBasicOutput_QpostLessonMC_2","1","true-a","true"
"28521","3139","2013-09-27 12:49:57","ScppBasicOutput_QpostLessonMC_3","1","true-d","true"
"28522","4120","2013-09-27 12:49:59","ScppBasicOutput_QpostLessonMC_2","0","false-d","true"
"28523","3139","2013-09-27 12:50:00","ScppBasicOutput_QpostLessonMC_4","1","true-b","true"
"28524","3139","2013-09-27 12:50:06","ScppBasicOutput_QpostLessonMC_5","1","true-c","true"
"28525","4120","2013-09-27 12:50:07","ScppBasicOutput_QpostLessonMC_3","1","true-d","true"
"28526","4120","2013-09-27 12:50:10","ScppBasicOutput_QpostLessonMC_4","1","true-b","true"
"28527","3139","2013-09-27 12:50:12","ScppBasicOutput_QpostLessonMC_6","1","true-a","true"
"28528","4120","2013-09-27 12:50:20","ScppBasicOutput_QpostLessonMC_5","1","true-c","true"
"28529","4113","2013-09-27 12:50:24","ScppBasicOutput_QpostLessonSA_3","1","6 kittens this litter!","6 kittens this litter!"
"28530","4120","2013-09-27 12:50:24","ScppBasicOutput_QpostLessonMC_6","1","true-a","true"
"28531","3139","2013-09-27 12:50:28","ScppBasicOutput_QpostLessonMC_7","1","true-b","true"
"28532","4120","2013-09-27 12:50:35","ScppBasicOutput_QpostLessonMC_7","1","true-b","true"
"28533","3139","2013-09-27 12:50:36","ScppBasicOutput_QpostLessonMC_8","1","true-c","true"
"28534","2321","2013-09-27 12:50:40","ScppBasicOutput_QpreLesson_1","1","true-a","true"
"28536","4120","2013-09-27 12:51:03","ScppBasicOutput_QpostLessonMC_8","1","true-c","true"
"28540","2321","2013-09-27 12:51:21","ScppBasicOutput_QpreLesson_2","1","true-d","true"
"28539","3139","2013-09-27 12:51:20","ScppBasicOutput_QpostLessonSA_1","1","cout ","cout "
"28545","2321","2013-09-27 12:51:43","ScppBasicOutput_QpreLesson_3","1","true-b","true"
"28546","2321","2013-09-27 12:51:57","ScppBasicOutput_QpreLesson_4","1","true-c","true"
"28547","3139","2013-09-27 12:52:09","ScppBasicOutput_QpostLessonSA_3","1","6 kittens this litter!","6 kittens this litter!"
"28548","3139","2013-09-27 12:52:11","ScppBasicOutput_QpostLessonSA_2","1","Now we know. It was you!","Now we know. It was you!"
"28549","4134","2013-09-27 12:52:28","ScppBasicOutput_QpostLessonMC_1","1","true-c","true"
"28552","4134","2013-09-27 12:52:34","ScppBasicOutput_QpostLessonMC_2","1","true-a","true"
"28553","4134","2013-09-27 12:52:41","ScppBasicOutput_QpostLessonMC_3","1","true-d","true"
"28554","4120","2013-09-27 12:52:41","ScppBasicOutput_QpostLessonSA_1","0","Cout ","cout "
"28555","4120","2013-09-27 12:52:43","ScppBasicOutput_QpostLessonSA_2","1","Now we know. It was you!","Now we know. It was you!"
"28556","4120","2013-09-27 12:52:44","ScppBasicOutput_QpostLessonSA_3","1","6 kittens this litter!","6 kittens this litter!"
"28557","4134","2013-09-27 12:52:45","ScppBasicOutput_QpostLessonMC_4","1","true-b","true"
"28558","4134","2013-09-27 12:52:53","ScppBasicOutput_QpostLessonMC_5","1","true-c","true"
"28560","4134","2013-09-27 12:53:02","ScppBasicOutput_QpostLessonMC_6","0","false-d","true"
"28561","4134","2013-09-27 12:53:13","ScppBasicOutput_QpostLessonMC_7","1","true-b","true"
"28563","4134","2013-09-27 12:53:25","ScppBasicOutput_QpostLessonMC_8","1","true-c","true"
"28568","2106","2013-09-27 12:53:53","ScppBasicOutput_QpreLesson_1","0","false-c","true"
"28570","2106","2013-09-27 12:54:06","ScppBasicOutput_QpreLesson_2","1","true-d","true"
"28573","2106","2013-09-27 12:54:20","ScppBasicOutput_QpreLesson_3","1","true-b","true"
"28575","2106","2013-09-27 12:54:30","ScppBasicOutput_QpreLesson_4","1","true-c","true"
"28580","4134","2013-09-27 12:54:56","ScppBasicOutput_QpostLessonSA_1","0","cout ","cout "
"28581","4134","2013-09-27 12:54:57","ScppBasicOutput_QpostLessonSA_2","1","Now we know. It was you!","Now we know. It was you!"
"28582","4134","2013-09-27 12:54:57","ScppBasicOutput_QpostLessonSA_3","0","6 kittens","6 kittens this litter!"
"28628","3125","2013-09-27 13:00:14","ScppBasicOutput_QpostLessonMC_1","1","true-c","true"
"28633","3125","2013-09-27 13:00:22","ScppBasicOutput_QpostLessonMC_2","0","false-c","true"
"28641","3125","2013-09-27 13:00:30","ScppBasicOutput_QpostLessonMC_3","1","true-d","true"
"28644","3125","2013-09-27 13:00:34","ScppBasicOutput_QpostLessonMC_4","1","true-b","true"
"28650","3125","2013-09-27 13:00:57","ScppBasicOutput_QpostLessonMC_5","1","true-c","true"
"28652","3125","2013-09-27 13:01:00","ScppBasicOutput_QpostLessonMC_6","1","true-a","true"
"28654","3125","2013-09-27 13:01:11","ScppBasicOutput_QpostLessonMC_7","0","false-d","true"
"28658","3125","2013-09-27 13:01:20","ScppBasicOutput_QpostLessonMC_8","1","true-c","true"
"28664","3125","2013-09-27 13:02:00","ScppBasicOutput_QpostLessonSA_1","0","cout","cout "
"28665","3125","2013-09-27 13:02:11","ScppBasicOutput_QpostLessonSA_2","1","Now we know. It was you!","Now we know. It was you!"
"28666","3125","2013-09-27 13:02:20","ScppBasicOutput_QpostLessonSA_3","1","6 kittens this litter!","6 kittens this litter!"
"28709","4002","2013-09-27 13:06:25","ScppBasicOutput_QpreLesson_1","0","false-d","true"
"28715","4002","2013-09-27 13:06:46","ScppBasicOutput_QpreLesson_2","0","false-a","true"
"28720","4002","2013-09-27 13:07:00","ScppBasicOutput_QpreLesson_3","0","false-c","true"
"28723","4002","2013-09-27 13:07:07","ScppBasicOutput_QpreLesson_4","0","false-a","true"
"28734","3319","2013-09-27 13:08:29","ScppBasicOutput_QpreLesson_1","0","false-d","true"
"28735","3319","2013-09-27 13:08:43","ScppBasicOutput_QpreLesson_2","1","true-d","true"
"28737","3319","2013-09-27 13:08:52","ScppBasicOutput_QpreLesson_3","1","true-b","true"
"28738","2125","2013-09-27 13:08:53","ScppBasicOutput_QpostLessonMC_1","0","false-b","true"
"28740","2125","2013-09-27 13:09:04","ScppBasicOutput_QpostLessonMC_2","1","true-a","true"
"28741","3319","2013-09-27 13:09:09","ScppBasicOutput_QpreLesson_4","0","false-b","true"
"28744","2125","2013-09-27 13:09:17","ScppBasicOutput_QpostLessonMC_3","1","true-d","true"
"28747","2125","2013-09-27 13:09:21","ScppBasicOutput_QpostLessonMC_4","1","true-b","true"
"28750","2125","2013-09-27 13:09:28","ScppBasicOutput_QpostLessonMC_5","1","true-c","true"
"28752","3022","2013-09-27 13:09:33","ScppBasicOutput_QpreLesson_1","0","false-c","true"
"28753","2125","2013-09-27 13:09:36","ScppBasicOutput_QpostLessonMC_6","1","true-a","true"
"28754","2125","2013-09-27 13:09:48","ScppBasicOutput_QpostLessonMC_7","1","true-b","true"
"28755","2116","2013-09-27 13:09:48","ScppBasicOutput_QpreLesson_1","0","false-d","true"
"28758","3022","2013-09-27 13:09:49","ScppBasicOutput_QpreLesson_2","0","false-c","true"
"28759","3022","2013-09-27 13:09:55","ScppBasicOutput_QpreLesson_3","0","false-a","true"
"28762","2116","2013-09-27 13:09:58","ScppBasicOutput_QpreLesson_2","1","true-d","true"
"28763","2125","2013-09-27 13:10:01","ScppBasicOutput_QpostLessonMC_8","1","true-c","true"
"28766","2116","2013-09-27 13:10:05","ScppBasicOutput_QpreLesson_3","1","true-b","true"
"28769","3022","2013-09-27 13:10:07","ScppBasicOutput_QpreLesson_4","0","false-b","true"
"28771","4009","2013-09-27 13:10:11","ScppBasicOutput_QpreLesson_2","1","true-d","true"
"28772","2116","2013-09-27 13:10:15","ScppBasicOutput_QpreLesson_4","0","false-b","true"
"28774","4009","2013-09-27 13:10:19","ScppBasicOutput_QpreLesson_1","0","false-d","true"
"28778","4009","2013-09-27 13:10:26","ScppBasicOutput_QpreLesson_3","1","true-b","true"
"28779","4009","2013-09-27 13:10:32","ScppBasicOutput_QpreLesson_4","1","true-c","true"
"28781","2125","2013-09-27 13:10:44","ScppBasicOutput_QpostLessonSA_1","0","cout ","cout "
"28786","2125","2013-09-27 13:11:00","ScppBasicOutput_QpostLessonSA_2","0","now we know. it was you!","Now we know. It was you!"
"28789","2125","2013-09-27 13:11:13","ScppBasicOutput_QpostLessonSA_3","1","6 kittens this litter!","6 kittens this litter!"
"28797","4023","2013-09-27 13:11:54","ScppBasicOutput_QpreLesson_1","1","true-a","true"
"28801","4023","2013-09-27 13:12:17","ScppBasicOutput_QpreLesson_2","1","true-d","true"
"28804","3303","2013-09-27 13:12:24","ScppBasicOutput_QpreLesson_1","0","false-d","true"
"28806","2321","2013-09-27 13:12:25","ScppBasicOutput_QpostLessonMC_1","1","true-c","true"
"28808","3303","2013-09-27 13:12:29","ScppBasicOutput_QpreLesson_2","1","true-d","true"
"28809","2321","2013-09-27 13:12:31","ScppBasicOutput_QpostLessonMC_2","1","true-a","true"
"28811","3303","2013-09-27 13:12:33","ScppBasicOutput_QpreLesson_3","1","true-b","true"
"28812","3303","2013-09-27 13:12:34","ScppBasicOutput_QpreLesson_4","0","false-b","true"
"28814","2321","2013-09-27 13:12:45","ScppBasicOutput_QpostLessonMC_3","1","true-d","true"
"28815","2321","2013-09-27 13:12:50","ScppBasicOutput_QpostLessonMC_4","1","true-b","true"
"28817","4023","2013-09-27 13:12:56","ScppBasicOutput_QpreLesson_4","0","false-b","true"
"28819","4023","2013-09-27 13:13:02","ScppBasicOutput_QpreLesson_3","1","true-b","true"
"28821","2321","2013-09-27 13:13:08","ScppBasicOutput_QpostLessonMC_5","1","true-c","true"
"28825","2321","2013-09-27 13:13:20","ScppBasicOutput_QpostLessonMC_6","1","true-a","true"
"28834","2321","2013-09-27 13:14:04","ScppBasicOutput_QpostLessonMC_7","1","true-b","true"
"28836","2321","2013-09-27 13:14:21","ScppBasicOutput_QpostLessonMC_8","1","true-c","true"
"28839","4024","2013-09-27 13:14:44","ScppBasicOutput_QpreLesson_1","0","false-c","true"
"28842","4024","2013-09-27 13:14:56","ScppBasicOutput_QpreLesson_2","0","false-c","true"
"28843","2321","2013-09-27 13:14:59","ScppBasicOutput_QpostLessonSA_1","1","cout ","cout "
"28844","4024","2013-09-27 13:15:08","ScppBasicOutput_QpreLesson_3","0","false-c","true"
"28847","4024","2013-09-27 13:15:13","ScppBasicOutput_QpreLesson_4","0","false-b","true"
"28855","2321","2013-09-27 13:15:32","ScppBasicOutput_QpostLessonSA_3","1","6 kittens this litter!","6 kittens this litter!"
"28856","2321","2013-09-27 13:15:34","ScppBasicOutput_QpostLessonSA_2","1","Now we know. It was you!","Now we know. It was you!"
"28858","3028","2013-09-27 13:15:43","ScppBasicOutput_QpreLesson_1","1","true-a","true"
"28864","3028","2013-09-27 13:16:04","ScppBasicOutput_QpreLesson_2","1","true-d","true"
"28869","3028","2013-09-27 13:16:16","ScppBasicOutput_QpreLesson_3","0","false-a","true"
"28875","3028","2013-09-27 13:16:26","ScppBasicOutput_QpreLesson_4","0","false-b","true"
"28904","2105","2013-09-27 13:17:21","ScppBasicOutput_QpreLesson_1","1","true-a","true"
"28889","2116","2013-09-27 13:16:52","ScppBasicOutput_QpostLessonMC_1","0","false-b","true"
"28892","2116","2013-09-27 13:17:01","ScppBasicOutput_QpostLessonMC_2","0","false-d","true"
"28895","2116","2013-09-27 13:17:08","ScppBasicOutput_QpostLessonMC_3","1","true-d","true"
"28898","3212","2013-09-27 13:17:09","ScppBasicOutput_QpreLesson_1","1","true-a","true"
"28900","2116","2013-09-27 13:17:10","ScppBasicOutput_QpostLessonMC_4","1","true-b","true"
"28945","2123","2013-09-27 13:18:03","ScppBasicOutput_QpreLesson_1","0","false-c","true"
"28907","3212","2013-09-27 13:17:26","ScppBasicOutput_QpreLesson_2","0","false-c","true"
"28908","2123","2013-09-27 13:17:27","ScppBasicOutput_QpreLesson_2","1","true-d","true"
"28938","2123","2013-09-27 13:17:56","ScppBasicOutput_QpreLesson_3","0","false-c","true"
"28922","2123","2013-09-27 13:17:48","ScppBasicOutput_QpreLesson_4","0","false-a","true"
"28912","2116","2013-09-27 13:17:31","ScppBasicOutput_QpostLessonMC_5","1","true-c","true"
"28915","3212","2013-09-27 13:17:36","ScppBasicOutput_QpreLesson_3","0","false-c","true"
"28916","2116","2013-09-27 13:17:37","ScppBasicOutput_QpostLessonMC_6","1","true-a","true"
"28917","3212","2013-09-27 13:17:42","ScppBasicOutput_QpreLesson_4","1","true-c","true"
"28918","2105","2013-09-27 13:17:43","ScppBasicOutput_QpreLesson_2","1","true-d","true"
"28927","4138","2013-09-27 13:17:53","ScppBasicOutput_QpreLesson_1","0","false-c","true"
"28929","2105","2013-09-27 13:17:54","ScppBasicOutput_QpreLesson_3","1","true-b","true"
"28933","2116","2013-09-27 13:17:55","ScppBasicOutput_QpostLessonMC_7","1","true-b","true"
"28946","2105","2013-09-27 13:18:05","ScppBasicOutput_QpreLesson_4","1","true-c","true"
"28947","2116","2013-09-27 13:18:07","ScppBasicOutput_QpostLessonMC_8","1","true-c","true"
"28949","2106","2013-09-27 13:18:10","ScppBasicOutput_QpostLessonMC_1","0","false-b","true"
"28952","4130","2013-09-27 13:18:13","ScppBasicOutput_QpreLesson_1","0","false-c","true"
"28954","4138","2013-09-27 13:18:19","ScppBasicOutput_QpreLesson_2","1","true-d","true"
"28998","2116","2013-09-27 13:19:19","ScppBasicOutput_QpostLessonSA_1","1","cout ","cout "
"28957","4130","2013-09-27 13:18:25","ScppBasicOutput_QpreLesson_2","1","true-d","true"
"28960","2106","2013-09-27 13:18:27","ScppBasicOutput_QpostLessonMC_2","1","true-a","true"
"28975","4138","2013-09-27 13:18:31","ScppBasicOutput_QpreLesson_3","0","false-c","true"
"28977","2106","2013-09-27 13:18:37","ScppBasicOutput_QpostLessonMC_3","1","true-d","true"
"28979","4138","2013-09-27 13:18:42","ScppBasicOutput_QpreLesson_4","0","false-b","true"
"28981","2106","2013-09-27 13:18:43","ScppBasicOutput_QpostLessonMC_4","1","true-b","true"
"28982","4130","2013-09-27 13:18:44","ScppBasicOutput_QpreLesson_3","0","false-c","true"
"28984","2106","2013-09-27 13:18:53","ScppBasicOutput_QpostLessonMC_5","1","true-c","true"
"28985","4130","2013-09-27 13:18:59","ScppBasicOutput_QpreLesson_4","1","true-c","true"
"28988","2106","2013-09-27 13:19:02","ScppBasicOutput_QpostLessonMC_6","1","true-a","true"
"28999","2116","2013-09-27 13:19:19","ScppBasicOutput_QpostLessonSA_2","1","Now we know. It was you!","Now we know. It was you!"
"29001","2106","2013-09-27 13:19:27","ScppBasicOutput_QpostLessonMC_7","1","true-b","true"
"29009","2116","2013-09-27 13:19:42","ScppBasicOutput_QpostLessonSA_3","0","6 kittens this litter","6 kittens this litter!"
"29012","2106","2013-09-27 13:19:44","ScppBasicOutput_QpostLessonMC_8","1","true-c","true"
"29023","3039","2013-09-27 13:19:59","ScppBasicOutput_QpreLesson_1","0","false-c","true"
"29024","4028","2013-09-27 13:20:03","ScppBasicOutput_QpreLesson_1","0","false-c","true"
"29027","2106","2013-09-27 13:20:11","ScppBasicOutput_QpostLessonSA_1","1","cout ","cout "
"29033","4028","2013-09-27 13:20:24","ScppBasicOutput_QpreLesson_2","1","true-d","true"
"29034","2106","2013-09-27 13:20:25","ScppBasicOutput_QpostLessonSA_2","1","Now we know. It was you!","Now we know. It was you!"
"29035","3039","2013-09-27 13:20:27","ScppBasicOutput_QpreLesson_2","0","false-c","true"
"29039","3039","2013-09-27 13:20:36","ScppBasicOutput_QpreLesson_3","1","true-b","true"
"29041","2106","2013-09-27 13:20:36","ScppBasicOutput_QpostLessonSA_3","1","6 kittens this litter!","6 kittens this litter!"
"29042","4028","2013-09-27 13:20:39","ScppBasicOutput_QpreLesson_3","1","true-b","true"
"29048","4028","2013-09-27 13:20:47","ScppBasicOutput_QpreLesson_4","1","true-c","true"
"29052","4019","2013-09-27 13:20:53","ScppBasicOutput_QpreLesson_1","0","false-c","true"
"29054","3039","2013-09-27 13:20:57","ScppBasicOutput_QpreLesson_4","1","true-c","true"
"29065","4019","2013-09-27 13:21:12","ScppBasicOutput_QpreLesson_2","0","false-a","true"
"29062","4116","2013-09-27 13:21:09","ScppBasicOutput_QpreLesson_2","1","true-d","true"
"29068","4116","2013-09-27 13:21:21","ScppBasicOutput_QpreLesson_1","0","false-d","true"
"29069","4019","2013-09-27 13:21:23","ScppBasicOutput_QpreLesson_3","0","false-c","true"
"29072","4116","2013-09-27 13:21:24","ScppBasicOutput_QpreLesson_3","1","true-b","true"
"29085","4019","2013-09-27 13:21:34","ScppBasicOutput_QpreLesson_4","0","false-b","true"
"29081","4116","2013-09-27 13:21:30","ScppBasicOutput_QpreLesson_4","1","true-c","true"
"29101","3303","2013-09-27 13:22:15","ScppBasicOutput_QpostLessonMC_1","0","false-b","true"
"29102","3303","2013-09-27 13:22:18","ScppBasicOutput_QpostLessonMC_2","0","false-d","true"
"29104","3303","2013-09-27 13:22:23","ScppBasicOutput_QpostLessonMC_3","0","false-c","true"
"29107","4339","2013-09-27 13:22:26","ScppBasicOutput_QpreLesson_1","0","false-c","true"
"29109","3303","2013-09-27 13:22:28","ScppBasicOutput_QpostLessonMC_4","1","true-b","true"
"29117","4009","2013-09-27 13:22:42","ScppBasicOutput_QpostLessonMC_1","1","true-c","true"
"29118","3303","2013-09-27 13:22:43","ScppBasicOutput_QpostLessonMC_5","1","true-c","true"
"29129","4339","2013-09-27 13:22:47","ScppBasicOutput_QpreLesson_2","1","true-d","true"
"29126","4009","2013-09-27 13:22:45","ScppBasicOutput_QpostLessonMC_2","1","true-a","true"
"29130","3303","2013-09-27 13:22:48","ScppBasicOutput_QpostLessonMC_6","1","true-a","true"
"29131","4009","2013-09-27 13:22:49","ScppBasicOutput_QpostLessonMC_3","1","true-d","true"
"29133","4009","2013-09-27 13:22:51","ScppBasicOutput_QpostLessonMC_4","1","true-b","true"
"29135","3303","2013-09-27 13:22:53","ScppBasicOutput_QpostLessonMC_7","1","true-b","true"
"29136","4339","2013-09-27 13:22:55","ScppBasicOutput_QpreLesson_3","0","false-c","true"
"29140","4009","2013-09-27 13:22:58","ScppBasicOutput_QpostLessonMC_5","1","true-c","true"
"29141","4339","2013-09-27 13:23:03","ScppBasicOutput_QpreLesson_4","0","false-b","true"
"29143","3303","2013-09-27 13:23:04","ScppBasicOutput_QpostLessonMC_8","1","true-c","true"
"29147","4009","2013-09-27 13:23:13","ScppBasicOutput_QpostLessonMC_6","1","true-a","true"
"29153","3303","2013-09-27 13:23:23","ScppBasicOutput_QpostLessonSA_1","0","cout","cout "
"29156","4009","2013-09-27 13:23:25","ScppBasicOutput_QpostLessonMC_7","1","true-b","true"
"29162","4009","2013-09-27 13:23:37","ScppBasicOutput_QpostLessonMC_8","1","true-c","true"
"29165","3303","2013-09-27 13:23:44","ScppBasicOutput_QpostLessonSA_2","1","Now we know. It was you!","Now we know. It was you!"
"29168","3303","2013-09-27 13:23:53","ScppBasicOutput_QpostLessonSA_3","1","6 kittens this litter!","6 kittens this litter!"
"29177","4302","2013-09-27 13:24:12","ScppBasicOutput_QpreLesson_1","0","false-d","true"
"29178","4009","2013-09-27 13:24:13","ScppBasicOutput_QpostLessonSA_1","0","cout ","cout "
"29185","4302","2013-09-27 13:24:20","ScppBasicOutput_QpreLesson_2","0","false-a","true"
"29189","4009","2013-09-27 13:24:24","ScppBasicOutput_QpostLessonSA_2","1","Now we know. It was you!","Now we know. It was you!"
"29190","4302","2013-09-27 13:24:26","ScppBasicOutput_QpreLesson_3","1","true-b","true"
"29193","4302","2013-09-27 13:24:33","ScppBasicOutput_QpreLesson_4","0","false-a","true"
"29194","4009","2013-09-27 13:24:39","ScppBasicOutput_QpostLessonSA_3","1","6 kittens this litter!","6 kittens this litter!"
"29232","3913","2013-09-27 13:25:46","ScppBasicOutput_QpreLesson_1","0","false-d","true"
"29248","3913","2013-09-27 13:26:02","ScppBasicOutput_QpreLesson_2","1","true-d","true"
"29254","3913","2013-09-27 13:26:07","ScppBasicOutput_QpreLesson_3","1","true-b","true"
"29258","3913","2013-09-27 13:26:15","ScppBasicOutput_QpreLesson_4","1","true-c","true"
"29276","3010","2013-09-27 13:26:59","ScppBasicOutput_QpreLesson_1","0","false-d","true"
"29280","3010","2013-09-27 13:27:10","ScppBasicOutput_QpreLesson_2","1","true-d","true"
"29284","3010","2013-09-27 13:27:15","ScppBasicOutput_QpreLesson_3","0","false-c","true"
"29291","3010","2013-09-27 13:27:29","ScppBasicOutput_QpreLesson_4","1","true-c","true"
"29302","4316","2013-09-27 13:27:57","ScppBasicOutput_QpreLesson_1","0","false-d","true"
"29307","4015","2013-09-27 13:28:08","ScppBasicOutput_QpreLesson_1","1","true-a","true"
"29311","4015","2013-09-27 13:28:15","ScppBasicOutput_QpreLesson_2","1","true-d","true"
"29312","4316","2013-09-27 13:28:17","ScppBasicOutput_QpreLesson_2","1","true-d","true"
"29316","4015","2013-09-27 13:28:21","ScppBasicOutput_QpreLesson_3","1","true-b","true"
"29319","4316","2013-09-27 13:28:23","ScppBasicOutput_QpreLesson_3","1","true-b","true"
"29323","4015","2013-09-27 13:28:31","ScppBasicOutput_QpreLesson_4","1","true-c","true"
"29326","3901","2013-09-27 13:28:33","ScppBasicOutput_QpreLesson_1","1","true-a","true"
"29328","4316","2013-09-27 13:28:35","ScppBasicOutput_QpreLesson_4","1","true-c","true"
"29334","3901","2013-09-27 13:28:45","ScppBasicOutput_QpreLesson_2","1","true-d","true"
"29344","3901","2013-09-27 13:28:55","ScppBasicOutput_QpreLesson_3","0","false-c","true"
"29349","3901","2013-09-27 13:29:03","ScppBasicOutput_QpreLesson_4","1","true-c","true"
"29395","3011","2013-09-27 13:29:50","ScppBasicOutput_QpreLesson_1","1","true-a","true"
"29409","3011","2013-09-27 13:30:04","ScppBasicOutput_QpreLesson_2","0","false-a","true"
"29416","3011","2013-09-27 13:30:08","ScppBasicOutput_QpreLesson_3","0","false-c","true"
"29425","3011","2013-09-27 13:30:16","ScppBasicOutput_QpreLesson_4","0","false-b","true"
"29501","4002","2013-09-27 13:31:35","ScppBasicOutput_QpostLessonMC_1","1","true-c","true"
"29534","4007","2013-09-27 13:32:12","ScppBasicOutput_QpreLesson_1","1","true-a","true"
"29587","3022","2013-09-27 13:32:59","ScppBasicOutput_QpostLessonMC_1","0","false-b","true"
"29544","3022","2013-09-27 13:32:21","ScppBasicOutput_QpostLessonMC_2","0","false-d","true"
"29552","4007","2013-09-27 13:32:30","ScppBasicOutput_QpreLesson_2","0","false-c","true"
"29551","4002","2013-09-27 13:32:30","ScppBasicOutput_QpostLessonMC_2","0","false-b","true"
"29554","4011","2013-09-27 13:32:31","ScppBasicOutput_QpreLesson_1","0","false-d","true"
"29555","3028","2013-09-27 13:32:31","ScppBasicOutput_QpostLessonMC_1","1","true-c","true"
"29556","3022","2013-09-27 13:32:32","ScppBasicOutput_QpostLessonMC_3","1","true-d","true"
"29561","4007","2013-09-27 13:32:37","ScppBasicOutput_QpreLesson_3","0","false-c","true"
"29563","3022","2013-09-27 13:32:38","ScppBasicOutput_QpostLessonMC_4","1","true-b","true"
"29565","3028","2013-09-27 13:32:42","ScppBasicOutput_QpostLessonMC_2","0","false-d","true"
"29568","4011","2013-09-27 13:32:44","ScppBasicOutput_QpreLesson_2","1","true-d","true"
"29569","3022","2013-09-27 13:32:44","ScppBasicOutput_QpostLessonMC_5","1","true-c","true"
"29573","4002","2013-09-27 13:32:47","ScppBasicOutput_QpostLessonMC_3","1","true-d","true"
"29574","3022","2013-09-27 13:32:48","ScppBasicOutput_QpostLessonMC_6","1","true-a","true"
"29576","4007","2013-09-27 13:32:51","ScppBasicOutput_QpreLesson_4","0","false-b","true"
"29579","4002","2013-09-27 13:32:53","ScppBasicOutput_QpostLessonMC_4","1","true-b","true"
"29580","4011","2013-09-27 13:32:55","ScppBasicOutput_QpreLesson_3","1","true-b","true"
"29582","3022","2013-09-27 13:32:55","ScppBasicOutput_QpostLessonMC_7","0","false-c","true"
"29583","3028","2013-09-27 13:32:56","ScppBasicOutput_QpostLessonMC_3","0","false-c","true"
"29585","3028","2013-09-27 13:32:58","ScppBasicOutput_QpostLessonMC_4","1","true-b","true"
"29586","4002","2013-09-27 13:32:59","ScppBasicOutput_QpostLessonMC_5","1","true-c","true"
"29593","4002","2013-09-27 13:33:08","ScppBasicOutput_QpostLessonMC_6","1","true-a","true"
"29594","3028","2013-09-27 13:33:08","ScppBasicOutput_QpostLessonMC_5","0","false-b","true"
"29599","3028","2013-09-27 13:33:16","ScppBasicOutput_QpostLessonMC_6","1","true-a","true"
"29600","3022","2013-09-27 13:33:17","ScppBasicOutput_QpostLessonMC_8","1","true-c","true"
"29606","4002","2013-09-27 13:33:22","ScppBasicOutput_QpostLessonMC_7","1","true-b","true"
"29614","4011","2013-09-27 13:33:35","ScppBasicOutput_QpreLesson_4","1","true-c","true"
"29620","3028","2013-09-27 13:33:40","ScppBasicOutput_QpostLessonMC_7","1","true-b","true"
"29621","4002","2013-09-27 13:33:41","ScppBasicOutput_QpostLessonMC_8","0","false-a","true"
"29632","3028","2013-09-27 13:34:01","ScppBasicOutput_QpostLessonMC_8","0","false-a","true"
"29685","4002","2013-09-27 13:35:23","ScppBasicOutput_QpostLessonSA_1","0","cout","cout "
"29682","4002","2013-09-27 13:35:22","ScppBasicOutput_QpostLessonSA_2","1","Now we know. It was you!","Now we know. It was you!"
"29664","3028","2013-09-27 13:34:48","ScppBasicOutput_QpostLessonSA_1","0","cout ","cout "
"29684","3028","2013-09-27 13:35:23","ScppBasicOutput_QpostLessonSA_2","0","Now we know.          It was you!","Now we know. It was you!"
"29679","4130","2013-09-27 13:35:15","ScppBasicOutput_QpostLessonMC_1","1","true-c","true"
"29681","4002","2013-09-27 13:35:21","ScppBasicOutput_QpostLessonSA_3","0","6. Kittens this litter!","6 kittens this litter!"
"29687","4130","2013-09-27 13:35:24","ScppBasicOutput_QpostLessonMC_2","1","true-a","true"
"29694","4130","2013-09-27 13:35:32","ScppBasicOutput_QpostLessonMC_3","1","true-d","true"
"29696","4130","2013-09-27 13:35:34","ScppBasicOutput_QpostLessonMC_4","1","true-b","true"
"29713","3028","2013-09-27 13:35:49","ScppBasicOutput_QpostLessonSA_3","0","6                     kittens this litter!","6 kittens this litter!"
"29704","4116","2013-09-27 13:35:44","ScppBasicOutput_QpostLessonMC_1","1","true-c","true"
"29709","4130","2013-09-27 13:35:46","ScppBasicOutput_QpostLessonMC_5","0","false-b","true"
"29718","4130","2013-09-27 13:35:53","ScppBasicOutput_QpostLessonMC_6","1","true-a","true"
"29720","4116","2013-09-27 13:35:55","ScppBasicOutput_QpostLessonMC_2","1","true-a","true"
"29735","4116","2013-09-27 13:36:03","ScppBasicOutput_QpostLessonMC_3","1","true-d","true"
"29743","4116","2013-09-27 13:36:08","ScppBasicOutput_QpostLessonMC_4","1","true-b","true"
"29748","4130","2013-09-27 13:36:13","ScppBasicOutput_QpostLessonMC_7","0","false-a","true"
"29753","4116","2013-09-27 13:36:16","ScppBasicOutput_QpostLessonMC_5","1","true-c","true"
"29760","4130","2013-09-27 13:36:22","ScppBasicOutput_QpostLessonMC_8","1","true-c","true"
"29761","4116","2013-09-27 13:36:22","ScppBasicOutput_QpostLessonMC_6","0","false-b","true"
"29774","4116","2013-09-27 13:36:37","ScppBasicOutput_QpostLessonMC_7","1","true-b","true"
"29781","4116","2013-09-27 13:36:47","ScppBasicOutput_QpostLessonMC_8","1","true-c","true"
"29787","4028","2013-09-27 13:36:56","ScppBasicOutput_QpostLessonMC_1","1","true-c","true"
"29789","4019","2013-09-27 13:36:58","ScppBasicOutput_QpostLessonMC_1","0","false-b","true"
"29802","4028","2013-09-27 13:37:08","ScppBasicOutput_QpostLessonMC_2","1","true-a","true"
"29809","4019","2013-09-27 13:37:14","ScppBasicOutput_QpostLessonMC_2","0","false-c","true"
"29805","4138","2013-09-27 13:37:11","ScppBasicOutput_QpostLessonMC_1","0","false-b","true"
"29814","4019","2013-09-27 13:37:20","ScppBasicOutput_QpostLessonMC_3","1","true-d","true"
"29808","4116","2013-09-27 13:37:14","ScppBasicOutput_QpostLessonSA_1","1","cout ","cout "
"29815","4028","2013-09-27 13:37:22","ScppBasicOutput_QpostLessonMC_3","1","true-d","true"
"29822","4028","2013-09-27 13:37:23","ScppBasicOutput_QpostLessonMC_4","1","true-b","true"
"29824","4138","2013-09-27 13:37:24","ScppBasicOutput_QpostLessonMC_2","1","true-a","true"
"29829","4138","2013-09-27 13:37:28","ScppBasicOutput_QpostLessonMC_3","1","true-d","true"
"29830","4116","2013-09-27 13:37:29","ScppBasicOutput_QpostLessonSA_2","1","Now we know. It was you!","Now we know. It was you!"
"29834","4019","2013-09-27 13:37:32","ScppBasicOutput_QpostLessonMC_4","1","true-b","true"
"29835","4138","2013-09-27 13:37:33","ScppBasicOutput_QpostLessonMC_4","1","true-b","true"
"29836","4028","2013-09-27 13:37:33","ScppBasicOutput_QpostLessonMC_5","1","true-c","true"
"29859","4019","2013-09-27 13:37:42","ScppBasicOutput_QpostLessonMC_5","1","true-c","true"
"29846","4028","2013-09-27 13:37:37","ScppBasicOutput_QpostLessonMC_6","1","true-a","true"
"29858","4130","2013-09-27 13:37:42","ScppBasicOutput_QpostLessonSA_1","0","cout ","cout "
"29861","2123","2013-09-27 13:37:46","ScppBasicOutput_QpostLessonMC_1","1","true-c","true"
"29862","4138","2013-09-27 13:37:47","ScppBasicOutput_QpostLessonMC_5","1","true-c","true"
"29864","4028","2013-09-27 13:37:53","ScppBasicOutput_QpostLessonMC_7","1","true-b","true"
"29865","4019","2013-09-27 13:37:54","ScppBasicOutput_QpostLessonMC_6","1","true-a","true"
"29869","4116","2013-09-27 13:38:02","ScppBasicOutput_QpostLessonSA_3","0","6 kittens this litter","6 kittens this litter!"
"29874","4138","2013-09-27 13:38:09","ScppBasicOutput_QpostLessonMC_6","1","true-a","true"
"29875","2123","2013-09-27 13:38:09","ScppBasicOutput_QpostLessonMC_2","1","true-a","true"
"29877","4028","2013-09-27 13:38:11","ScppBasicOutput_QpostLessonMC_8","1","true-c","true"
"29880","4130","2013-09-27 13:38:14","ScppBasicOutput_QpostLessonSA_2","1","Now we know. It was you!","Now we know. It was you!"
"29881","4130","2013-09-27 13:38:15","ScppBasicOutput_QpostLessonSA_3","1","6 kittens this litter!","6 kittens this litter!"
"29883","4019","2013-09-27 13:38:16","ScppBasicOutput_QpostLessonMC_7","1","true-b","true"
"29885","2123","2013-09-27 13:38:16","ScppBasicOutput_QpostLessonMC_3","1","true-d","true"
"29887","2123","2013-09-27 13:38:18","ScppBasicOutput_QpostLessonMC_4","1","true-b","true"
"29902","4138","2013-09-27 13:38:28","ScppBasicOutput_QpostLessonMC_7","0","false-d","true"
"29897","4019","2013-09-27 13:38:25","ScppBasicOutput_QpostLessonMC_8","1","true-c","true"
"29900","2123","2013-09-27 13:38:27","ScppBasicOutput_QpostLessonMC_5","1","true-c","true"
"29904","4024","2013-09-27 13:38:28","ScppBasicOutput_QpostLessonMC_1","1","true-c","true"
"29915","4028","2013-09-27 13:38:34","ScppBasicOutput_QpostLessonSA_1","1","cout ","cout "
"29920","4138","2013-09-27 13:38:36","ScppBasicOutput_QpostLessonMC_8","1","true-c","true"
"29921","4024","2013-09-27 13:38:37","ScppBasicOutput_QpostLessonMC_2","0","false-c","true"
"29927","3011","2013-09-27 13:38:42","ScppBasicOutput_QpostLessonMC_1","0","false-b","true"
"29929","4019","2013-09-27 13:38:43","ScppBasicOutput_QpostLessonSA_1","1","cout ","cout "
"29931","4024","2013-09-27 13:38:44","ScppBasicOutput_QpostLessonMC_3","1","true-d","true"
"29942","4028","2013-09-27 13:38:51","ScppBasicOutput_QpostLessonSA_2","1","Now we know. It was you!","Now we know. It was you!"
"29943","3011","2013-09-27 13:38:51","ScppBasicOutput_QpostLessonMC_2","0","false-d","true"
"29946","4024","2013-09-27 13:38:53","ScppBasicOutput_QpostLessonMC_4","1","true-b","true"
"29948","4019","2013-09-27 13:38:54","ScppBasicOutput_QpostLessonSA_2","1","Now we know. It was you!","Now we know. It was you!"
"29951","2123","2013-09-27 13:38:57","ScppBasicOutput_QpostLessonMC_6","1","true-a","true"
"29999","4138","2013-09-27 13:39:35","ScppBasicOutput_QpostLessonSA_1","0","cont ","cout "
"29955","3011","2013-09-27 13:39:02","ScppBasicOutput_QpostLessonMC_3","0","false-c","true"
"29956","4028","2013-09-27 13:39:04","ScppBasicOutput_QpostLessonSA_3","1","6 kittens this litter!","6 kittens this litter!"
"29961","3011","2013-09-27 13:39:06","ScppBasicOutput_QpostLessonMC_4","1","true-b","true"
"29959","4024","2013-09-27 13:39:05","ScppBasicOutput_QpostLessonMC_5","1","true-c","true"
"29962","4019","2013-09-27 13:39:06","ScppBasicOutput_QpostLessonSA_3","1","6 kittens this litter!","6 kittens this litter!"
"29968","4024","2013-09-27 13:39:12","ScppBasicOutput_QpostLessonMC_6","1","true-a","true"
"29970","3011","2013-09-27 13:39:15","ScppBasicOutput_QpostLessonMC_5","1","true-c","true"
"29971","3212","2013-09-27 13:39:16","ScppBasicOutput_QpostLessonMC_1","1","true-c","true"
"29972","2123","2013-09-27 13:39:16","ScppBasicOutput_QpostLessonMC_7","1","true-b","true"
"30000","4138","2013-09-27 13:39:36","ScppBasicOutput_QpostLessonSA_2","1","Now we know. It was you!","Now we know. It was you!"
"29979","3212","2013-09-27 13:39:23","ScppBasicOutput_QpostLessonMC_2","1","true-a","true"
"29985","3011","2013-09-27 13:39:27","ScppBasicOutput_QpostLessonMC_6","1","true-a","true"
"29986","2123","2013-09-27 13:39:28","ScppBasicOutput_QpostLessonMC_8","1","true-c","true"
"30002","3212","2013-09-27 13:39:38","ScppBasicOutput_QpostLessonMC_3","0","false-c","true"
"29990","4024","2013-09-27 13:39:30","ScppBasicOutput_QpostLessonMC_7","1","true-b","true"
"29995","4138","2013-09-27 13:39:33","ScppBasicOutput_QpostLessonSA_3","1","6 kittens this litter!","6 kittens this litter!"
"30007","3011","2013-09-27 13:39:41","ScppBasicOutput_QpostLessonMC_7","1","true-b","true"
"30009","3212","2013-09-27 13:39:42","ScppBasicOutput_QpostLessonMC_4","1","true-b","true"
"30024","3212","2013-09-27 13:39:54","ScppBasicOutput_QpostLessonMC_5","1","true-c","true"
"30026","3011","2013-09-27 13:39:57","ScppBasicOutput_QpostLessonMC_8","0","false-b","true"
"30034","4024","2013-09-27 13:40:00","ScppBasicOutput_QpostLessonMC_8","1","true-c","true"
"30035","3212","2013-09-27 13:40:01","ScppBasicOutput_QpostLessonMC_6","1","true-a","true"
"30037","4023","2013-09-27 13:40:05","ScppBasicOutput_QpostLessonMC_1","1","true-c","true"
"30041","3212","2013-09-27 13:40:08","ScppBasicOutput_QpostLessonMC_7","1","true-b","true"
"30048","4023","2013-09-27 13:40:14","ScppBasicOutput_QpostLessonMC_2","0","false-d","true"
"30056","4023","2013-09-27 13:40:26","ScppBasicOutput_QpostLessonMC_3","1","true-d","true"
"30063","4023","2013-09-27 13:40:28","ScppBasicOutput_QpostLessonMC_4","1","true-b","true"
"30066","3011","2013-09-27 13:40:33","ScppBasicOutput_QpostLessonSA_1","1","cout ","cout "
"30068","4302","2013-09-27 13:40:36","ScppBasicOutput_QpostLessonMC_1","0","false-b","true"
"30069","4023","2013-09-27 13:40:38","ScppBasicOutput_QpostLessonMC_5","1","true-c","true"
"30076","4302","2013-09-27 13:40:44","ScppBasicOutput_QpostLessonMC_2","0","false-c","true"
"30075","4023","2013-09-27 13:40:43","ScppBasicOutput_QpostLessonMC_6","1","true-a","true"
"30079","3212","2013-09-27 13:40:52","ScppBasicOutput_QpostLessonMC_8","0","false-a","true"
"30085","4302","2013-09-27 13:40:57","ScppBasicOutput_QpostLessonMC_3","1","true-d","true"
"30086","4024","2013-09-27 13:40:58","ScppBasicOutput_QpostLessonSA_1","0","cout ","cout "
"30088","4302","2013-09-27 13:41:01","ScppBasicOutput_QpostLessonMC_4","1","true-b","true"
"30089","3011","2013-09-27 13:41:01","ScppBasicOutput_QpostLessonSA_2","0","cout ","Now we know. It was you!"
"30103","4023","2013-09-27 13:41:29","ScppBasicOutput_QpostLessonMC_7","1","true-b","true"
"30096","4302","2013-09-27 13:41:10","ScppBasicOutput_QpostLessonMC_5","1","true-c","true"
"30100","4024","2013-09-27 13:41:15","ScppBasicOutput_QpostLessonSA_2","1","Now we know. It was you!","Now we know. It was you!"
"30102","3212","2013-09-27 13:41:27","ScppBasicOutput_QpostLessonSA_1","0","cout ","cout "
"30104","4024","2013-09-27 13:41:29","ScppBasicOutput_QpostLessonSA_3","1","6 kittens this litter!","6 kittens this litter!"
"30105","4302","2013-09-27 13:41:31","ScppBasicOutput_QpostLessonMC_6","1","true-a","true"
"30110","3011","2013-09-27 13:41:42","ScppBasicOutput_QpostLessonSA_3","0","cout ","6 kittens this litter!"
"30113","4302","2013-09-27 13:41:44","ScppBasicOutput_QpostLessonMC_7","0","false-d","true"
"30114","4023","2013-09-27 13:41:46","ScppBasicOutput_QpostLessonMC_8","1","true-c","true"
"30117","4302","2013-09-27 13:41:57","ScppBasicOutput_QpostLessonMC_8","1","true-c","true"
"30120","2123","2013-09-27 13:42:02","ScppBasicOutput_QpostLessonSA_1","1","cout ","cout "
"30122","2123","2013-09-27 13:42:03","ScppBasicOutput_QpostLessonSA_2","1","Now we know. It was you!","Now we know. It was you!"
"30124","2123","2013-09-27 13:42:04","ScppBasicOutput_QpostLessonSA_3","1","6 kittens this litter!","6 kittens this litter!"
"30154","4023","2013-09-27 13:42:55","ScppBasicOutput_QpostLessonSA_1","1","cout ","cout "
"30130","4316","2013-09-27 13:42:18","ScppBasicOutput_QpostLessonMC_1","1","true-c","true"
"30132","4316","2013-09-27 13:42:20","ScppBasicOutput_QpostLessonMC_2","1","true-a","true"
"30139","4316","2013-09-27 13:42:27","ScppBasicOutput_QpostLessonMC_3","1","true-d","true"
"30140","4316","2013-09-27 13:42:30","ScppBasicOutput_QpostLessonMC_4","1","true-b","true"
"30152","4023","2013-09-27 13:42:53","ScppBasicOutput_QpostLessonSA_2","1","Now we know. It was you!","Now we know. It was you!"
"30143","4316","2013-09-27 13:42:37","ScppBasicOutput_QpostLessonMC_5","1","true-c","true"
"30144","3901","2013-09-27 13:42:38","ScppBasicOutput_QpostLessonMC_1","1","true-c","true"
"30146","4316","2013-09-27 13:42:42","ScppBasicOutput_QpostLessonMC_6","1","true-a","true"
"30147","3901","2013-09-27 13:42:43","ScppBasicOutput_QpostLessonMC_2","1","true-a","true"
"30148","3901","2013-09-27 13:42:48","ScppBasicOutput_QpostLessonMC_3","1","true-d","true"
"30149","4023","2013-09-27 13:42:52","ScppBasicOutput_QpostLessonSA_3","1","6 kittens this litter!","6 kittens this litter!"
"30150","3901","2013-09-27 13:42:53","ScppBasicOutput_QpostLessonMC_4","1","true-b","true"
"30151","4316","2013-09-27 13:42:53","ScppBasicOutput_QpostLessonMC_7","1","true-b","true"
"30157","3901","2013-09-27 13:43:04","ScppBasicOutput_QpostLessonMC_5","1","true-c","true"
"30158","4316","2013-09-27 13:43:04","ScppBasicOutput_QpostLessonMC_8","1","true-c","true"
"30159","4302","2013-09-27 13:43:06","ScppBasicOutput_QpostLessonSA_1","0","cout ","cout "
"30169","3901","2013-09-27 13:43:12","ScppBasicOutput_QpostLessonMC_6","1","true-a","true"
"30171","3901","2013-09-27 13:43:20","ScppBasicOutput_QpostLessonMC_7","1","true-b","true"
"30172","3039","2013-09-27 13:43:21","ScppBasicOutput_QpostLessonMC_1","1","true-c","true"
"30176","3039","2013-09-27 13:43:27","ScppBasicOutput_QpostLessonMC_2","0","false-c","true"
"30180","4302","2013-09-27 13:43:31","ScppBasicOutput_QpostLessonSA_2","1","Now we know. It was you!","Now we know. It was you!"
"30187","3901","2013-09-27 13:43:37","ScppBasicOutput_QpostLessonMC_8","1","true-c","true"
"30196","4316","2013-09-27 13:43:45","ScppBasicOutput_QpostLessonSA_1","1","cout ","cout "
"30202","4316","2013-09-27 13:43:48","ScppBasicOutput_QpostLessonSA_2","1","Now we know. It was you!","Now we know. It was you!"
"30203","3039","2013-09-27 13:43:48","ScppBasicOutput_QpostLessonMC_3","1","true-d","true"
"30209","4302","2013-09-27 13:43:55","ScppBasicOutput_QpostLessonSA_3","1","6 kittens this litter!","6 kittens this litter!"
"30213","4316","2013-09-27 13:43:58","ScppBasicOutput_QpostLessonSA_3","1","6 kittens this litter!","6 kittens this litter!"
"30214","3039","2013-09-27 13:44:00","ScppBasicOutput_QpostLessonMC_4","1","true-b","true"
"30216","3901","2013-09-27 13:44:06","ScppBasicOutput_QpostLessonSA_1","1","cout ","cout "
"30219","3901","2013-09-27 13:44:07","ScppBasicOutput_QpostLessonSA_2","1","Now we know. It was you!","Now we know. It was you!"
"30221","3039","2013-09-27 13:44:13","ScppBasicOutput_QpostLessonMC_5","1","true-c","true"
"30225","3901","2013-09-27 13:44:19","ScppBasicOutput_QpostLessonSA_3","1","6 kittens this litter!","6 kittens this litter!"
"30226","3039","2013-09-27 13:44:20","ScppBasicOutput_QpostLessonMC_6","1","true-a","true"
"30230","3002","2013-09-27 13:44:31","ScppBasicOutput_QpreLesson_2","1","true-d","true"
"30233","3039","2013-09-27 13:44:37","ScppBasicOutput_QpostLessonMC_7","1","true-b","true"
"30234","3002","2013-09-27 13:44:41","ScppBasicOutput_QpreLesson_3","1","true-b","true"
"30235","3039","2013-09-27 13:44:46","ScppBasicOutput_QpostLessonMC_8","1","true-c","true"
"30239","3002","2013-09-27 13:44:49","ScppBasicOutput_QpreLesson_4","1","true-c","true"
"30247","3002","2013-09-27 13:45:09","ScppBasicOutput_QpreLesson_1","1","true-a","true"
"30271","3039","2013-09-27 13:46:05","ScppBasicOutput_QpostLessonSA_1","0","cout ","cout "
"30256","4015","2013-09-27 13:45:38","ScppBasicOutput_QpostLessonMC_1","1","true-c","true"
"30266","4015","2013-09-27 13:45:51","ScppBasicOutput_QpostLessonMC_2","1","true-a","true"
"30258","4339","2013-09-27 13:45:45","ScppBasicOutput_QpostLessonMC_1","0","false-b","true"
"30267","4015","2013-09-27 13:46:02","ScppBasicOutput_QpostLessonMC_3","1","true-d","true"
"30268","3039","2013-09-27 13:46:04","ScppBasicOutput_QpostLessonSA_3","1","6 kittens this litter!","6 kittens this litter!"
"30269","4339","2013-09-27 13:46:04","ScppBasicOutput_QpostLessonMC_2","1","true-a","true"
"30270","3039","2013-09-27 13:46:05","ScppBasicOutput_QpostLessonSA_2","1","Now we know. It was you!","Now we know. It was you!"
"30272","4015","2013-09-27 13:46:05","ScppBasicOutput_QpostLessonMC_4","1","true-b","true"
"30275","4339","2013-09-27 13:46:12","ScppBasicOutput_QpostLessonMC_3","1","true-d","true"
"30277","4339","2013-09-27 13:46:15","ScppBasicOutput_QpostLessonMC_4","1","true-b","true"
"30278","4015","2013-09-27 13:46:18","ScppBasicOutput_QpostLessonMC_5","1","true-c","true"
"30281","4339","2013-09-27 13:46:22","ScppBasicOutput_QpostLessonMC_5","1","true-c","true"
"30282","4339","2013-09-27 13:46:27","ScppBasicOutput_QpostLessonMC_6","1","true-a","true"
"30284","4015","2013-09-27 13:46:32","ScppBasicOutput_QpostLessonMC_6","1","true-a","true"
"30286","3319","2013-09-27 13:46:33","ScppBasicOutput_QpostLessonMC_1","0","false-b","true"
"30293","4015","2013-09-27 13:46:45","ScppBasicOutput_QpostLessonMC_7","0","false-d","true"
"30291","4339","2013-09-27 13:46:44","ScppBasicOutput_QpostLessonMC_7","1","true-b","true"
"30294","3319","2013-09-27 13:46:48","ScppBasicOutput_QpostLessonMC_2","1","true-a","true"
"30295","4339","2013-09-27 13:46:50","ScppBasicOutput_QpostLessonMC_8","1","true-c","true"
"30298","3319","2013-09-27 13:46:53","ScppBasicOutput_QpostLessonMC_3","1","true-d","true"
"30302","4015","2013-09-27 13:46:56","ScppBasicOutput_QpostLessonMC_8","1","true-c","true"
"30303","3319","2013-09-27 13:46:57","ScppBasicOutput_QpostLessonMC_4","1","true-b","true"
"30307","3319","2013-09-27 13:47:10","ScppBasicOutput_QpostLessonMC_5","1","true-c","true"
"30310","3319","2013-09-27 13:47:15","ScppBasicOutput_QpostLessonMC_6","1","true-a","true"
"30318","4015","2013-09-27 13:47:30","ScppBasicOutput_QpostLessonSA_1","1","cout ","cout "
"30319","3319","2013-09-27 13:47:31","ScppBasicOutput_QpostLessonMC_7","1","true-b","true"
"30320","4339","2013-09-27 13:47:40","ScppBasicOutput_QpostLessonSA_1","0","cout ","cout "
"30321","3319","2013-09-27 13:47:40","ScppBasicOutput_QpostLessonMC_8","1","true-c","true"
"30324","4015","2013-09-27 13:47:47","ScppBasicOutput_QpostLessonSA_2","1","Now we know. It was you!","Now we know. It was you!"
"30326","4015","2013-09-27 13:48:00","ScppBasicOutput_QpostLessonSA_3","1","6 kittens this litter!","6 kittens this litter!"
"30329","4339","2013-09-27 13:48:09","ScppBasicOutput_QpostLessonSA_3","1","6 kittens this litter!","6 kittens this litter!"
"30330","4339","2013-09-27 13:48:10","ScppBasicOutput_QpostLessonSA_2","1","Now we know. It was you!","Now we know. It was you!"
"30331","3913","2013-09-27 13:48:14","ScppBasicOutput_QpostLessonMC_1","1","true-c","true"
"30332","3913","2013-09-27 13:48:19","ScppBasicOutput_QpostLessonMC_2","0","false-d","true"
"30339","3913","2013-09-27 13:48:34","ScppBasicOutput_QpostLessonMC_3","1","true-d","true"
"30343","3913","2013-09-27 13:48:42","ScppBasicOutput_QpostLessonMC_4","1","true-b","true"
"30344","4011","2013-09-27 13:48:56","ScppBasicOutput_QpostLessonMC_1","1","true-c","true"
"30347","3913","2013-09-27 13:49:10","ScppBasicOutput_QpostLessonMC_5","1","true-c","true"
"30348","3319","2013-09-27 13:49:12","ScppBasicOutput_QpostLessonSA_1","0","cout ","cout "
"30349","4011","2013-09-27 13:49:12","ScppBasicOutput_QpostLessonMC_3","0","false-c","true"
"30350","3319","2013-09-27 13:49:14","ScppBasicOutput_QpostLessonSA_2","0","How we know. It was you! ","Now we know. It was you!"
"30351","3319","2013-09-27 13:49:15","ScppBasicOutput_QpostLessonSA_3","0","6 kittens this litter! ","6 kittens this litter!"
"30352","2105","2013-09-27 13:49:17","ScppBasicOutput_QpostLessonMC_1","1","true-c","true"
"30354","4011","2013-09-27 13:49:21","ScppBasicOutput_QpostLessonMC_2","1","true-a","true"
"30355","2105","2013-09-27 13:49:25","ScppBasicOutput_QpostLessonMC_2","1","true-a","true"
"30356","4011","2013-09-27 13:49:25","ScppBasicOutput_QpostLessonMC_4","1","true-b","true"
"30358","3913","2013-09-27 13:49:26","ScppBasicOutput_QpostLessonMC_6","1","true-a","true"
"30359","4011","2013-09-27 13:49:33","ScppBasicOutput_QpostLessonMC_5","1","true-c","true"
"30364","2105","2013-09-27 13:49:39","ScppBasicOutput_QpostLessonMC_3","1","true-d","true"
"30365","4011","2013-09-27 13:49:40","ScppBasicOutput_QpostLessonMC_6","1","true-a","true"
"30366","3913","2013-09-27 13:49:41","ScppBasicOutput_QpostLessonMC_7","1","true-b","true"
"30367","2105","2013-09-27 13:49:44","ScppBasicOutput_QpostLessonMC_4","1","true-b","true"
"30368","2105","2013-09-27 13:50:01","ScppBasicOutput_QpostLessonMC_5","1","true-c","true"
"30369","4011","2013-09-27 13:50:02","ScppBasicOutput_QpostLessonMC_7","1","true-b","true"
"30370","3913","2013-09-27 13:50:05","ScppBasicOutput_QpostLessonMC_8","1","true-c","true"
"30371","2105","2013-09-27 13:50:05","ScppBasicOutput_QpostLessonMC_6","1","true-a","true"
"30372","2105","2013-09-27 13:50:15","ScppBasicOutput_QpostLessonMC_7","1","true-b","true"
"30373","4011","2013-09-27 13:50:22","ScppBasicOutput_QpostLessonMC_8","0","false-a","true"
"30374","2105","2013-09-27 13:50:25","ScppBasicOutput_QpostLessonMC_8","1","true-c","true"
"30375","3913","2013-09-27 13:50:37","ScppBasicOutput_QpostLessonSA_1","1","cout ","cout "
"30377","3913","2013-09-27 13:51:07","ScppBasicOutput_QpostLessonSA_2","1","Now we know. It was you!","Now we know. It was you!"
"30386","4011","2013-09-27 13:51:17","ScppBasicOutput_QpostLessonSA_1","1","cout ","cout "
"30381","2105","2013-09-27 13:51:15","ScppBasicOutput_QpostLessonSA_1","1","cout ","cout "
"30384","2105","2013-09-27 13:51:16","ScppBasicOutput_QpostLessonSA_2","1","Now we know. It was you!","Now we know. It was you!"
"30389","2105","2013-09-27 13:51:32","ScppBasicOutput_QpostLessonSA_3","1","6 kittens this litter!","6 kittens this litter!"
"30390","3913","2013-09-27 13:51:34","ScppBasicOutput_QpostLessonSA_3","1","6 kittens this litter!","6 kittens this litter!"
"30391","4007","2013-09-27 13:51:35","ScppBasicOutput_QpostLessonMC_1","1","true-c","true"
"30394","4007","2013-09-27 13:51:43","ScppBasicOutput_QpostLessonMC_2","1","true-a","true"
"30395","3010","2013-09-27 13:51:50","ScppBasicOutput_QpostLessonMC_1","1","true-c","true"
"30396","4007","2013-09-27 13:51:53","ScppBasicOutput_QpostLessonMC_3","1","true-d","true"
"30397","4007","2013-09-27 13:51:57","ScppBasicOutput_QpostLessonMC_4","1","true-b","true"
"30400","3010","2013-09-27 13:52:11","ScppBasicOutput_QpostLessonMC_2","0","false-b","true"
"30399","4007","2013-09-27 13:52:06","ScppBasicOutput_QpostLessonMC_5","1","true-c","true"
"30401","4007","2013-09-27 13:52:13","ScppBasicOutput_QpostLessonMC_6","1","true-a","true"
"30402","3010","2013-09-27 13:52:17","ScppBasicOutput_QpostLessonMC_3","1","true-d","true"
"30403","3010","2013-09-27 13:52:23","ScppBasicOutput_QpostLessonMC_4","1","true-b","true"
"30404","3120","2013-09-27 13:52:23","ScppBasicOutput_QpreLesson_1","0","false-d","true"
"30405","4007","2013-09-27 13:52:24","ScppBasicOutput_QpostLessonMC_7","1","true-b","true"
"30406","3010","2013-09-27 13:52:29","ScppBasicOutput_QpostLessonMC_5","1","true-c","true"
"30407","3010","2013-09-27 13:52:34","ScppBasicOutput_QpostLessonMC_6","1","true-a","true"
"30408","3120","2013-09-27 13:52:41","ScppBasicOutput_QpreLesson_2","1","true-d","true"
"30409","3120","2013-09-27 13:52:47","ScppBasicOutput_QpreLesson_3","1","true-b","true"
"30410","4007","2013-09-27 13:52:47","ScppBasicOutput_QpostLessonMC_8","1","true-c","true"
"30411","3010","2013-09-27 13:52:49","ScppBasicOutput_QpostLessonMC_7","1","true-b","true"
"30413","3120","2013-09-27 13:52:58","ScppBasicOutput_QpreLesson_4","1","true-c","true"
"30418","3010","2013-09-27 13:53:13","ScppBasicOutput_QpostLessonMC_8","0","false-a","true"
"30421","4007","2013-09-27 13:53:21","ScppBasicOutput_QpostLessonSA_1","0","cout ","cout "
"30423","4007","2013-09-27 13:53:40","ScppBasicOutput_QpostLessonSA_2","1","Now we know. It was you!","Now we know. It was you!"
"30427","3010","2013-09-27 13:53:53","ScppBasicOutput_QpostLessonSA_1","0","cout ","cout "
"30428","4007","2013-09-27 13:53:59","ScppBasicOutput_QpostLessonSA_3","1","6 kittens this litter!","6 kittens this litter!"
"30444","3010","2013-09-27 13:55:35","ScppBasicOutput_QpostLessonSA_2","0","Now we know.
"30457","3010","2013-09-27 13:56:20","ScppBasicOutput_QpostLessonSA_3","0","6 Kittens this litter!","6 kittens this litter!"
"30470","3002","2013-09-27 13:57:47","ScppBasicOutput_QpostLessonMC_1","1","true-c","true"
"30471","3002","2013-09-27 13:57:56","ScppBasicOutput_QpostLessonMC_2","1","true-a","true"
"30473","3002","2013-09-27 13:58:03","ScppBasicOutput_QpostLessonMC_3","1","true-d","true"
"30474","3002","2013-09-27 13:58:09","ScppBasicOutput_QpostLessonMC_4","1","true-b","true"
"30475","3002","2013-09-27 13:58:19","ScppBasicOutput_QpostLessonMC_5","1","true-c","true"
"30476","3002","2013-09-27 13:58:24","ScppBasicOutput_QpostLessonMC_6","1","true-a","true"
"30477","3002","2013-09-27 13:58:34","ScppBasicOutput_QpostLessonMC_7","1","true-b","true"
"30478","3002","2013-09-27 13:58:47","ScppBasicOutput_QpostLessonMC_8","1","true-c","true"
"30484","3002","2013-09-27 13:59:32","ScppBasicOutput_QpostLessonSA_1","1","cout ","cout "
"30486","3002","2013-09-27 13:59:58","ScppBasicOutput_QpostLessonSA_2","1","Now we know. It was you!","Now we know. It was you!"
"30488","3002","2013-09-27 14:00:19","ScppBasicOutput_QpostLessonSA_3","1","6 kittens this litter!","6 kittens this litter!"
"30518","3120","2013-09-27 14:05:08","ScppBasicOutput_QpostLessonMC_1","0","false-b","true"
"30519","3120","2013-09-27 14:05:12","ScppBasicOutput_QpostLessonMC_2","0","false-d","true"
"30521","3120","2013-09-27 14:05:29","ScppBasicOutput_QpostLessonMC_3","1","true-d","true"
"30523","3120","2013-09-27 14:05:34","ScppBasicOutput_QpostLessonMC_4","1","true-b","true"
"30524","3120","2013-09-27 14:05:55","ScppBasicOutput_QpostLessonMC_5","1","true-c","true"
"30527","3120","2013-09-27 14:06:17","ScppBasicOutput_QpostLessonMC_6","0","false-d","true"
"30529","3120","2013-09-27 14:06:35","ScppBasicOutput_QpostLessonMC_7","0","false-a","true"
"30533","3120","2013-09-27 14:06:51","ScppBasicOutput_QpostLessonMC_8","1","true-c","true"
"30538","3120","2013-09-27 14:07:55","ScppBasicOutput_QpostLessonSA_1","0","cout","cout "
"30540","3120","2013-09-27 14:08:29","ScppBasicOutput_QpostLessonSA_2","1","Now we know. It was you!","Now we know. It was you!"
"30543","3120","2013-09-27 14:09:03","ScppBasicOutput_QpostLessonSA_3","0","kitten this litter!","6 kittens this litter!"
"30554","4032","2013-09-27 14:14:24","ScppBasicOutput_QpreLesson_1","0","false-d","true"
"30555","4032","2013-09-27 14:14:29","ScppBasicOutput_QpreLesson_2","0","false-c","true"
"30556","4032","2013-09-27 14:14:46","ScppBasicOutput_QpreLesson_4","0","false-a","true"
"30557","4032","2013-09-27 14:14:52","ScppBasicOutput_QpreLesson_3","1","true-b","true"
"30568","4109","2013-09-27 14:17:00","ScppBasicOutput_QpreLesson_1","1","true-a","true"
"30570","4109","2013-09-27 14:17:11","ScppBasicOutput_QpreLesson_2","1","true-d","true"
"30573","4318","2013-09-27 14:17:15","ScppBasicOutput_QpreLesson_1","0","false-d","true"
"30572","4109","2013-09-27 14:17:14","ScppBasicOutput_QpreLesson_3","1","true-b","true"
"30574","4109","2013-09-27 14:17:23","ScppBasicOutput_QpreLesson_4","0","false-b","true"
"30575","4318","2013-09-27 14:17:29","ScppBasicOutput_QpreLesson_2","1","true-d","true"
"30576","4318","2013-09-27 14:17:46","ScppBasicOutput_QpreLesson_3","1","true-b","true"
"30578","4318","2013-09-27 14:17:56","ScppBasicOutput_QpreLesson_4","1","true-c","true"
"30610","3315","2013-09-27 14:20:28","ScppBasicOutput_QpreLesson_1","0","false-b","true"
"30611","3037","2013-09-27 14:20:33","ScppBasicOutput_QpreLesson_1","0","false-c","true"
"30614","3315","2013-09-27 14:20:42","ScppBasicOutput_QpreLesson_2","1","true-d","true"
"30615","3315","2013-09-27 14:20:48","ScppBasicOutput_QpreLesson_3","1","true-b","true"
"30617","3037","2013-09-27 14:20:53","ScppBasicOutput_QpreLesson_2","1","true-d","true"
"30618","3315","2013-09-27 14:20:55","ScppBasicOutput_QpreLesson_4","1","true-c","true"
"30619","3037","2013-09-27 14:21:01","ScppBasicOutput_QpreLesson_3","1","true-b","true"
"30620","3037","2013-09-27 14:21:08","ScppBasicOutput_QpreLesson_4","1","true-c","true"
"30650","3129","2013-09-27 14:23:44","ScppBasicOutput_QpreLesson_1","0","false-d","true"
"30653","3129","2013-09-27 14:23:51","ScppBasicOutput_QpreLesson_2","1","true-d","true"
"30654","3129","2013-09-27 14:24:00","ScppBasicOutput_QpreLesson_3","1","true-b","true"
"30655","3129","2013-09-27 14:24:08","ScppBasicOutput_QpreLesson_4","1","true-c","true"
"30667","4109","2013-09-27 14:28:36","ScppBasicOutput_QpostLessonMC_1","0","false-a","true"
"30668","4109","2013-09-27 14:28:45","ScppBasicOutput_QpostLessonMC_2","0","false-d","true"
"30670","4109","2013-09-27 14:28:50","ScppBasicOutput_QpostLessonMC_3","1","true-d","true"
"30671","4109","2013-09-27 14:28:55","ScppBasicOutput_QpostLessonMC_4","1","true-b","true"
"30672","4109","2013-09-27 14:29:03","ScppBasicOutput_QpostLessonMC_5","1","true-c","true"
"30673","4109","2013-09-27 14:29:09","ScppBasicOutput_QpostLessonMC_6","0","false-d","true"
"30675","4109","2013-09-27 14:29:16","ScppBasicOutput_QpostLessonMC_7","1","true-b","true"
"30677","2120","2013-09-27 14:29:23","ScppBasicOutput_QpreLesson_1","0","false-b","true"
"30678","4109","2013-09-27 14:29:26","ScppBasicOutput_QpostLessonMC_8","1","true-c","true"
"30680","2120","2013-09-27 14:29:40","ScppBasicOutput_QpreLesson_2","1","true-d","true"
"30682","2120","2013-09-27 14:29:50","ScppBasicOutput_QpreLesson_3","0","false-c","true"
"30685","2120","2013-09-27 14:29:58","ScppBasicOutput_QpreLesson_4","0","false-a","true"
"30692","4109","2013-09-27 14:30:13","ScppBasicOutput_QpostLessonSA_1","0","cout ","cout "
"30695","4109","2013-09-27 14:30:27","ScppBasicOutput_QpostLessonSA_2","1","Now we know. It was you!","Now we know. It was you!"
"30756","3129","2013-09-27 14:34:27","ScppBasicOutput_QpostLessonMC_1","1","true-c","true"
"30758","3129","2013-09-27 14:34:31","ScppBasicOutput_QpostLessonMC_2","0","false-d","true"
"30760","3129","2013-09-27 14:34:34","ScppBasicOutput_QpostLessonMC_3","1","true-d","true"
"30763","3129","2013-09-27 14:34:40","ScppBasicOutput_QpostLessonMC_4","1","true-b","true"
"30768","3129","2013-09-27 14:34:47","ScppBasicOutput_QpostLessonMC_5","1","true-c","true"
"30772","3129","2013-09-27 14:34:51","ScppBasicOutput_QpostLessonMC_6","1","true-a","true"
"30774","3129","2013-09-27 14:34:57","ScppBasicOutput_QpostLessonMC_7","1","true-b","true"
"30779","3129","2013-09-27 14:35:10","ScppBasicOutput_QpostLessonMC_8","1","true-c","true"
"30787","3129","2013-09-27 14:35:31","ScppBasicOutput_QpostLessonSA_1","1","cout ","cout "
"30789","3129","2013-09-27 14:35:45","ScppBasicOutput_QpostLessonSA_2","1","Now we know. It was you!","Now we know. It was you!"
"30793","3129","2013-09-27 14:35:55","ScppBasicOutput_QpostLessonSA_3","1","6 kittens this litter!","6 kittens this litter!"
"30803","4032","2013-09-27 14:37:05","ScppBasicOutput_QpostLessonMC_4","1","true-b","true"
"30829","4032","2013-09-27 14:38:14","ScppBasicOutput_QpostLessonMC_3","1","true-d","true"
"30815","4032","2013-09-27 14:37:45","ScppBasicOutput_QpostLessonMC_5","1","true-c","true"
"30817","4032","2013-09-27 14:37:48","ScppBasicOutput_QpostLessonMC_6","1","true-a","true"
"30822","4032","2013-09-27 14:37:59","ScppBasicOutput_QpostLessonMC_7","1","true-b","true"
"30825","4032","2013-09-27 14:38:09","ScppBasicOutput_QpostLessonMC_8","1","true-c","true"
"30839","4032","2013-09-27 14:38:45","ScppBasicOutput_QpostLessonMC_2","1","true-a","true"
"30845","4032","2013-09-27 14:39:00","ScppBasicOutput_QpostLessonMC_1","1","true-c","true"
"30850","3315","2013-09-27 14:39:52","ScppBasicOutput_QpostLessonMC_1","1","true-c","true"
"30852","3315","2013-09-27 14:40:12","ScppBasicOutput_QpostLessonMC_2","0","false-d","true"
"30855","3315","2013-09-27 14:40:20","ScppBasicOutput_QpostLessonMC_3","1","true-d","true"
"30857","3315","2013-09-27 14:40:25","ScppBasicOutput_QpostLessonMC_4","1","true-b","true"
"30858","3315","2013-09-27 14:40:35","ScppBasicOutput_QpostLessonMC_5","1","true-c","true"
"30859","3315","2013-09-27 14:40:40","ScppBasicOutput_QpostLessonMC_6","1","true-a","true"
"30860","4318","2013-09-27 14:40:47","ScppBasicOutput_QpostLessonMC_1","1","true-c","true"
"30863","4318","2013-09-27 14:40:57","ScppBasicOutput_QpostLessonMC_2","1","true-a","true"
"30862","3315","2013-09-27 14:40:57","ScppBasicOutput_QpostLessonMC_7","1","true-b","true"
"30865","4318","2013-09-27 14:41:07","ScppBasicOutput_QpostLessonMC_3","1","true-d","true"
"30866","3315","2013-09-27 14:41:09","ScppBasicOutput_QpostLessonMC_8","1","true-c","true"
"30867","4318","2013-09-27 14:41:10","ScppBasicOutput_QpostLessonMC_4","1","true-b","true"
"30868","4318","2013-09-27 14:41:31","ScppBasicOutput_QpostLessonMC_5","1","true-c","true"
"30869","4318","2013-09-27 14:41:38","ScppBasicOutput_QpostLessonMC_6","1","true-a","true"
"30871","4318","2013-09-27 14:42:02","ScppBasicOutput_QpostLessonMC_7","1","true-b","true"
"30872","4318","2013-09-27 14:42:13","ScppBasicOutput_QpostLessonMC_8","1","true-c","true"
"30873","3315","2013-09-27 14:42:17","ScppBasicOutput_QpostLessonSA_1","1","cout ","cout "
"30874","3037","2013-09-27 14:42:20","ScppBasicOutput_QpostLessonMC_1","1","true-c","true"
"30877","3037","2013-09-27 14:42:28","ScppBasicOutput_QpostLessonMC_2","1","true-a","true"
"30879","3037","2013-09-27 14:42:35","ScppBasicOutput_QpostLessonMC_3","1","true-d","true"
"30880","3315","2013-09-27 14:42:39","ScppBasicOutput_QpostLessonSA_2","1","Now we know. It was you!","Now we know. It was you!"
"30881","4318","2013-09-27 14:42:40","ScppBasicOutput_QpostLessonSA_1","0","cout ","cout "
"30882","3037","2013-09-27 14:42:42","ScppBasicOutput_QpostLessonMC_4","1","true-b","true"
"30883","4318","2013-09-27 14:42:52","ScppBasicOutput_QpostLessonSA_2","1","Now we know. It was you!","Now we know. It was you!"
"30884","3037","2013-09-27 14:42:55","ScppBasicOutput_QpostLessonMC_5","1","true-c","true"
"30885","3315","2013-09-27 14:42:56","ScppBasicOutput_QpostLessonSA_3","1","6 kittens this litter!","6 kittens this litter!"
"30887","3037","2013-09-27 14:42:59","ScppBasicOutput_QpostLessonMC_6","1","true-a","true"
"30888","4318","2013-09-27 14:43:08","ScppBasicOutput_QpostLessonSA_3","1","6 kittens this litter!","6 kittens this litter!"
"30892","3037","2013-09-27 14:43:20","ScppBasicOutput_QpostLessonMC_7","0","false-a","true"
"30897","3037","2013-09-27 14:43:30","ScppBasicOutput_QpostLessonMC_8","1","true-c","true"
"30898","3037","2013-09-27 14:43:55","ScppBasicOutput_QpostLessonSA_1","1","cout ","cout "
"30900","3037","2013-09-27 14:44:13","ScppBasicOutput_QpostLessonSA_2","1","Now we know. It was you!","Now we know. It was you!"
"30901","3037","2013-09-27 14:44:31","ScppBasicOutput_QpostLessonSA_3","1","6 kittens this litter!","6 kittens this litter!"
"30902","2120","2013-09-27 14:45:44","ScppBasicOutput_QpostLessonMC_1","1","true-c","true"
"30903","2120","2013-09-27 14:45:56","ScppBasicOutput_QpostLessonMC_2","1","true-a","true"
"30904","2120","2013-09-27 14:46:02","ScppBasicOutput_QpostLessonMC_3","1","true-d","true"
"30905","2120","2013-09-27 14:46:07","ScppBasicOutput_QpostLessonMC_4","1","true-b","true"
"30906","2120","2013-09-27 14:46:22","ScppBasicOutput_QpostLessonMC_5","1","true-c","true"
"30907","2120","2013-09-27 14:46:30","ScppBasicOutput_QpostLessonMC_6","1","true-a","true"
"30908","2120","2013-09-27 14:46:42","ScppBasicOutput_QpostLessonMC_7","0","false-d","true"
"30909","2120","2013-09-27 14:46:54","ScppBasicOutput_QpostLessonMC_8","1","true-c","true"
"30910","2120","2013-09-27 14:47:18","ScppBasicOutput_QpostLessonSA_1","1","cout ","cout "
"30911","2120","2013-09-27 14:47:36","ScppBasicOutput_QpostLessonSA_2","1","Now we know. It was you!","Now we know. It was you!"
"30912","2120","2013-09-27 14:48:25","ScppBasicOutput_QpostLessonSA_3","0","6; kittens this litter!","6 kittens this litter!"
"30947","2130","2013-09-27 15:11:39","ScppBasicOutput_QpreLesson_1","0","false-d","true"
"30948","2130","2013-09-27 15:12:05","ScppBasicOutput_QpreLesson_2","1","true-d","true"
"30951","2130","2013-09-27 15:12:19","ScppBasicOutput_QpreLesson_3","0","false-c","true"
"30953","2130","2013-09-27 15:12:41","ScppBasicOutput_QpreLesson_4","1","true-c","true"
"30958","3106","2013-09-27 15:13:18","ScppBasicOutput_QpreLesson_1","0","false-c","true"
"30967","3106","2013-09-27 15:13:40","ScppBasicOutput_QpreLesson_2","0","false-c","true"
"30971","3106","2013-09-27 15:13:49","ScppBasicOutput_QpreLesson_3","0","false-a","true"
"30973","3106","2013-09-27 15:13:59","ScppBasicOutput_QpreLesson_4","0","false-b","true"
"31000","2129","2013-09-27 15:23:10","ScppBasicOutput_QpreLesson_1","1","true-a","true"
"31001","2129","2013-09-27 15:23:24","ScppBasicOutput_QpreLesson_2","0","false-c","true"
"31002","2129","2013-09-27 15:23:28","ScppBasicOutput_QpreLesson_3","0","false-c","true"
"31003","2129","2013-09-27 15:23:35","ScppBasicOutput_QpreLesson_4","1","true-c","true"
"31035","2131","2013-09-27 15:33:14","ScppBasicOutput_QpreLesson_1","1","true-a","true"
"31037","2131","2013-09-27 15:33:20","ScppBasicOutput_QpreLesson_2","1","true-d","true"
"31038","2131","2013-09-27 15:33:25","ScppBasicOutput_QpreLesson_3","1","true-b","true"
"31039","2131","2013-09-27 15:33:31","ScppBasicOutput_QpreLesson_4","1","true-c","true"
"31047","4139","2013-09-27 15:34:48","ScppBasicOutput_QpreLesson_1","0","false-d","true"
"31050","4139","2013-09-27 15:35:08","ScppBasicOutput_QpreLesson_2","1","true-d","true"
"31051","4139","2013-09-27 15:35:14","ScppBasicOutput_QpreLesson_3","1","true-b","true"
"31052","4139","2013-09-27 15:35:24","ScppBasicOutput_QpreLesson_4","0","false-a","true"
"31110","2130","2013-09-27 15:43:34","ScppBasicOutput_QpostLessonMC_1","1","true-c","true"
"31113","2130","2013-09-27 15:43:50","ScppBasicOutput_QpostLessonMC_2","1","true-a","true"
"31115","2130","2013-09-27 15:44:12","ScppBasicOutput_QpostLessonMC_3","1","true-d","true"
"31116","2130","2013-09-27 15:44:15","ScppBasicOutput_QpostLessonMC_4","1","true-b","true"
"31118","2130","2013-09-27 15:44:24","ScppBasicOutput_QpostLessonMC_5","1","true-c","true"
"31119","2130","2013-09-27 15:44:30","ScppBasicOutput_QpostLessonMC_6","1","true-a","true"
"31121","2130","2013-09-27 15:44:42","ScppBasicOutput_QpostLessonMC_7","1","true-b","true"
"31126","2130","2013-09-27 15:45:07","ScppBasicOutput_QpostLessonMC_8","1","true-c","true"
"31129","2130","2013-09-27 15:46:01","ScppBasicOutput_QpostLessonSA_1","1","cout ","cout "
"31131","2130","2013-09-27 15:46:23","ScppBasicOutput_QpostLessonSA_2","1","Now we know. It was you!","Now we know. It was you!"
"31133","2131","2013-09-27 15:46:36","ScppBasicOutput_QpostLessonMC_1","1","true-c","true"
"31135","2131","2013-09-27 15:46:39","ScppBasicOutput_QpostLessonMC_2","1","true-a","true"
"31137","2131","2013-09-27 15:46:46","ScppBasicOutput_QpostLessonMC_3","1","true-d","true"
"31138","2131","2013-09-27 15:46:48","ScppBasicOutput_QpostLessonMC_4","1","true-b","true"
"31139","2131","2013-09-27 15:46:53","ScppBasicOutput_QpostLessonMC_5","1","true-c","true"
"31140","2130","2013-09-27 15:46:57","ScppBasicOutput_QpostLessonSA_3","1","6 kittens this litter!","6 kittens this litter!"
"31142","2131","2013-09-27 15:47:02","ScppBasicOutput_QpostLessonMC_6","1","true-a","true"
"31143","2131","2013-09-27 15:47:10","ScppBasicOutput_QpostLessonMC_7","1","true-b","true"
"31144","2131","2013-09-27 15:47:24","ScppBasicOutput_QpostLessonMC_8","1","true-c","true"
"31146","2131","2013-09-27 15:48:33","ScppBasicOutput_QpostLessonSA_1","1","cout ","cout "
"31147","2131","2013-09-27 15:48:34","ScppBasicOutput_QpostLessonSA_2","1","Now we know. It was you!","Now we know. It was you!"
"31148","2131","2013-09-27 15:48:36","ScppBasicOutput_QpostLessonSA_3","1","6 kittens this litter!","6 kittens this litter!"
"31151","2129","2013-09-27 15:49:19","ScppBasicOutput_QpostLessonMC_3","1","true-d","true"
"31152","2129","2013-09-27 15:49:27","ScppBasicOutput_QpostLessonMC_4","1","true-b","true"
"31153","2129","2013-09-27 15:49:46","ScppBasicOutput_QpostLessonMC_1","0","false-b","true"
"31154","2129","2013-09-27 15:49:56","ScppBasicOutput_QpostLessonMC_2","0","false-d","true"
"31155","2129","2013-09-27 15:50:09","ScppBasicOutput_QpostLessonMC_5","1","true-c","true"
"31156","2129","2013-09-27 15:50:15","ScppBasicOutput_QpostLessonMC_6","1","true-a","true"
"31157","2129","2013-09-27 15:50:36","ScppBasicOutput_QpostLessonMC_8","1","true-c","true"
"31158","2129","2013-09-27 15:50:44","ScppBasicOutput_QpostLessonMC_7","0","false-d","true"
"31159","2129","2013-09-27 15:51:32","ScppBasicOutput_QpostLessonSA_1","1","cout ","cout "
"31161","2129","2013-09-27 15:52:39","ScppBasicOutput_QpostLessonSA_2","1","Now we know. It was you!","Now we know. It was you!"
"31162","2129","2013-09-27 15:52:41","ScppBasicOutput_QpostLessonSA_3","1","6 kittens this litter!","6 kittens this litter!"
"31170","3106","2013-09-27 15:55:44","ScppBasicOutput_QpostLessonMC_1","1","true-c","true"
"31172","3106","2013-09-27 15:56:03","ScppBasicOutput_QpostLessonMC_2","1","true-a","true"
"31173","3106","2013-09-27 15:56:21","ScppBasicOutput_QpostLessonMC_3","1","true-d","true"
"31174","3106","2013-09-27 15:56:25","ScppBasicOutput_QpostLessonMC_4","1","true-b","true"
"31177","3106","2013-09-27 15:56:50","ScppBasicOutput_QpostLessonMC_5","1","true-c","true"
"31178","3106","2013-09-27 15:57:01","ScppBasicOutput_QpostLessonMC_6","1","true-a","true"
"31179","3106","2013-09-27 15:57:18","ScppBasicOutput_QpostLessonMC_7","1","true-b","true"
"31182","3106","2013-09-27 15:57:36","ScppBasicOutput_QpostLessonMC_8","1","true-c","true"
"31183","3106","2013-09-27 15:58:58","ScppBasicOutput_QpostLessonSA_1","1","cout ","cout "
"31185","3106","2013-09-27 15:58:59","ScppBasicOutput_QpostLessonSA_2","1","Now we know. It was you!","Now we know. It was you!"
"31214","4139","2013-09-27 16:11:55","ScppBasicOutput_QpostLessonMC_1","1","true-c","true"
"31215","4139","2013-09-27 16:12:04","ScppBasicOutput_QpostLessonMC_2","0","false-d","true"
"31216","4139","2013-09-27 16:12:11","ScppBasicOutput_QpostLessonMC_3","1","true-d","true"
"31217","2313","2013-09-27 16:12:13","ScppBasicOutput_QpreLesson_1","0","false-d","true"
"31218","4139","2013-09-27 16:12:15","ScppBasicOutput_QpostLessonMC_4","1","true-b","true"
"31219","4139","2013-09-27 16:12:21","ScppBasicOutput_QpostLessonMC_5","1","true-c","true"
"31220","4139","2013-09-27 16:12:25","ScppBasicOutput_QpostLessonMC_6","1","true-a","true"
"31221","2313","2013-09-27 16:12:26","ScppBasicOutput_QpreLesson_2","1","true-d","true"
"31224","4139","2013-09-27 16:12:33","ScppBasicOutput_QpostLessonMC_7","1","true-b","true"
"31225","2313","2013-09-27 16:12:34","ScppBasicOutput_QpreLesson_3","1","true-b","true"
"31226","4139","2013-09-27 16:12:43","ScppBasicOutput_QpostLessonMC_8","1","true-c","true"
"31227","2313","2013-09-27 16:12:46","ScppBasicOutput_QpreLesson_4","0","false-b","true"
"31239","4139","2013-09-27 16:13:44","ScppBasicOutput_QpostLessonSA_1","1","cout ","cout "
"31244","4139","2013-09-27 16:14:21","ScppBasicOutput_QpostLessonSA_2","0","cout ","Now we know. It was you!"
"31245","4139","2013-09-27 16:14:43","ScppBasicOutput_QpostLessonSA_3","0","cout ","6 kittens this litter!"
"31254","3332","2013-09-27 16:17:07","ScppBasicOutput_QpreLesson_1","1","true-a","true"
"31258","3332","2013-09-27 16:17:23","ScppBasicOutput_QpreLesson_2","1","true-d","true"
"31260","2313","2013-09-27 16:17:31","ScppBasicOutput_QpostLessonMC_1","1","true-c","true"
"31262","2313","2013-09-27 16:17:37","ScppBasicOutput_QpostLessonMC_2","0","false-d","true"
"31264","2313","2013-09-27 16:17:41","ScppBasicOutput_QpostLessonMC_3","1","true-d","true"
"31265","2313","2013-09-27 16:17:42","ScppBasicOutput_QpostLessonMC_4","1","true-b","true"
"31266","3332","2013-09-27 16:17:42","ScppBasicOutput_QpreLesson_3","1","true-b","true"
"31267","3003","2013-09-27 16:17:46","ScppBasicOutput_QpreLesson_1","1","true-a","true"
"31272","2313","2013-09-27 16:17:55","ScppBasicOutput_QpostLessonMC_5","0","false-b","true"
"31274","3332","2013-09-27 16:17:58","ScppBasicOutput_QpreLesson_4","0","false-b","true"
"31276","2313","2013-09-27 16:17:59","ScppBasicOutput_QpostLessonMC_6","1","true-a","true"
"31282","2108","2013-09-27 16:18:06","ScppBasicOutput_QpreLesson_1","0","false-d","true"
"31280","3003","2013-09-27 16:18:05","ScppBasicOutput_QpreLesson_2","1","true-d","true"
"31287","2313","2013-09-27 16:18:12","ScppBasicOutput_QpostLessonMC_7","1","true-b","true"
"31284","2128","2013-09-27 16:18:10","ScppBasicOutput_QpreLesson_1","0","false-d","true"
"31298","3003","2013-09-27 16:18:31","ScppBasicOutput_QpreLesson_3","1","true-b","true"
"31289","2128","2013-09-27 16:18:16","ScppBasicOutput_QpreLesson_2","1","true-d","true"
"31296","2108","2013-09-27 16:18:29","ScppBasicOutput_QpreLesson_2","1","true-d","true"
"31292","2313","2013-09-27 16:18:19","ScppBasicOutput_QpostLessonMC_8","1","true-c","true"
"31295","2128","2013-09-27 16:18:28","ScppBasicOutput_QpreLesson_3","0","false-c","true"
"31297","3003","2013-09-27 16:18:30","ScppBasicOutput_QpreLesson_4","1","true-c","true"
"31300","2108","2013-09-27 16:18:36","ScppBasicOutput_QpreLesson_3","0","false-c","true"
"31310","2313","2013-09-27 16:19:00","ScppBasicOutput_QpostLessonSA_1","0","cout ","cout "
"31303","2128","2013-09-27 16:18:44","ScppBasicOutput_QpreLesson_4","0","false-d","true"
"31306","2108","2013-09-27 16:18:50","ScppBasicOutput_QpreLesson_4","0","false-b","true"
"31309","2313","2013-09-27 16:19:00","ScppBasicOutput_QpostLessonSA_2","0","Now we know.","Now we know. It was you!"
"31312","4008","2013-09-27 16:19:06","ScppBasicOutput_QpreLesson_3","0","false-c","true"
"31313","4008","2013-09-27 16:19:10","ScppBasicOutput_QpreLesson_1","0","false-d","true"
"31314","2313","2013-09-27 16:19:16","ScppBasicOutput_QpostLessonSA_3","1","6 kittens this litter!","6 kittens this litter!"
"31316","4008","2013-09-27 16:19:24","ScppBasicOutput_QpreLesson_2","1","true-d","true"
"31322","4008","2013-09-27 16:19:43","ScppBasicOutput_QpreLesson_4","0","false-b","true"
"31359","2103","2013-09-27 16:25:40","ScppBasicOutput_QpreLesson_1","0","false-d","true"
"31360","2103","2013-09-27 16:25:42","ScppBasicOutput_QpreLesson_2","1","true-d","true"
"31361","2103","2013-09-27 16:25:43","ScppBasicOutput_QpreLesson_3","0","false-a","true"
"31365","2103","2013-09-27 16:25:45","ScppBasicOutput_QpreLesson_4","1","true-c","true"
"31395","4239","2013-09-27 16:27:49","ScppBasicOutput_QpreLesson_2","1","true-d","true"
"31405","4239","2013-09-27 16:28:12","ScppBasicOutput_QpreLesson_1","0","false-c","true"
"31407","4239","2013-09-27 16:28:28","ScppBasicOutput_QpreLesson_3","0","false-c","true"
"31411","4239","2013-09-27 16:28:39","ScppBasicOutput_QpreLesson_4","1","true-c","true"
"31414","4238","2013-09-27 16:28:52","ScppBasicOutput_QpreLesson_1","0","false-d","true"
"31419","4238","2013-09-27 16:29:02","ScppBasicOutput_QpreLesson_2","1","true-d","true"
"31420","4238","2013-09-27 16:29:22","ScppBasicOutput_QpreLesson_3","1","true-b","true"
"31427","4238","2013-09-27 16:29:33","ScppBasicOutput_QpreLesson_4","1","true-c","true"
"31470","4115","2013-09-27 16:32:39","ScppBasicOutput_QpreLesson_1","0","false-d","true"
"31472","4115","2013-09-27 16:32:52","ScppBasicOutput_QpreLesson_2","1","true-d","true"
"31474","4115","2013-09-27 16:33:07","ScppBasicOutput_QpreLesson_3","1","true-b","true"
"31476","2108","2013-09-27 16:33:27","ScppBasicOutput_QpostLessonMC_1","0","false-b","true"
"31478","4115","2013-09-27 16:33:31","ScppBasicOutput_QpreLesson_4","0","false-b","true"
"31481","2108","2013-09-27 16:33:34","ScppBasicOutput_QpostLessonMC_2","0","false-c","true"
"31483","2108","2013-09-27 16:33:53","ScppBasicOutput_QpostLessonMC_3","1","true-d","true"
"31484","2108","2013-09-27 16:33:55","ScppBasicOutput_QpostLessonMC_4","1","true-b","true"
"31487","2108","2013-09-27 16:34:06","ScppBasicOutput_QpostLessonMC_5","1","true-c","true"
"31488","2108","2013-09-27 16:34:10","ScppBasicOutput_QpostLessonMC_6","1","true-a","true"
"31492","3332","2013-09-27 16:34:34","ScppBasicOutput_QpostLessonMC_1","0","false-b","true"
"31493","2108","2013-09-27 16:34:36","ScppBasicOutput_QpostLessonMC_7","1","true-b","true"
"31496","2108","2013-09-27 16:34:46","ScppBasicOutput_QpostLessonMC_8","1","true-c","true"
"31499","3332","2013-09-27 16:34:52","ScppBasicOutput_QpostLessonMC_2","1","true-a","true"
"31503","3332","2013-09-27 16:35:00","ScppBasicOutput_QpostLessonMC_3","1","true-d","true"
"31505","3332","2013-09-27 16:35:03","ScppBasicOutput_QpostLessonMC_4","1","true-b","true"
"31510","3332","2013-09-27 16:35:22","ScppBasicOutput_QpostLessonMC_5","0","false-b","true"
"31511","2108","2013-09-27 16:35:30","ScppBasicOutput_QpostLessonSA_1","1","cout ","cout "
"31512","3332","2013-09-27 16:35:33","ScppBasicOutput_QpostLessonMC_6","1","true-a","true"
"31515","3332","2013-09-27 16:35:40","ScppBasicOutput_QpostLessonMC_7","1","true-b","true"
"31518","2108","2013-09-27 16:35:57","ScppBasicOutput_QpostLessonSA_2","1","Now we know. It was you!","Now we know. It was you!"
"31526","3332","2013-09-27 16:36:05","ScppBasicOutput_QpostLessonMC_8","1","true-c","true"
"31546","3332","2013-09-27 16:36:48","ScppBasicOutput_QpostLessonSA_1","0","","cout "
"31561","3332","2013-09-27 16:37:19","ScppBasicOutput_QpostLessonSA_2","1","Now we know. It was you!","Now we know. It was you!"
"31556","2108","2013-09-27 16:37:07","ScppBasicOutput_QpostLessonSA_3","0"," kittens this litter!","6 kittens this litter!"
"31573","3332","2013-09-27 16:37:55","ScppBasicOutput_QpostLessonSA_3","1","6 kittens this litter!","6 kittens this litter!"
"31717","2107","2013-09-27 16:47:06","ScppBasicOutput_QpreLesson_1","1","true-a","true"
"31718","2107","2013-09-27 16:47:07","ScppBasicOutput_QpreLesson_2","0","false-a","true"
"31719","2107","2013-09-27 16:47:09","ScppBasicOutput_QpreLesson_3","0","false-a","true"
"31720","2107","2013-09-27 16:47:10","ScppBasicOutput_QpreLesson_4","0","false-a","true"
"31605","2103","2013-09-27 16:40:15","ScppBasicOutput_QpostLessonMC_1","1","true-c","true"
"31609","2103","2013-09-27 16:40:23","ScppBasicOutput_QpostLessonMC_2","0","false-d","true"
"31610","2103","2013-09-27 16:40:28","ScppBasicOutput_QpostLessonMC_3","1","true-d","true"
"31620","2103","2013-09-27 16:41:32","ScppBasicOutput_QpostLessonMC_4","1","true-b","true"
"31621","2103","2013-09-27 16:41:35","ScppBasicOutput_QpostLessonMC_5","0","false-a","true"
"31625","2103","2013-09-27 16:41:42","ScppBasicOutput_QpostLessonMC_6","1","true-a","true"
"31651","3003","2013-09-27 16:43:05","ScppBasicOutput_QpostLessonMC_1","0","false-b","true"
"31632","2103","2013-09-27 16:41:56","ScppBasicOutput_QpostLessonMC_7","0","false-a","true"
"31633","3003","2013-09-27 16:42:00","ScppBasicOutput_QpostLessonMC_2","1","true-a","true"
"31635","2103","2013-09-27 16:42:07","ScppBasicOutput_QpostLessonMC_8","1","true-c","true"
"31638","3003","2013-09-27 16:42:18","ScppBasicOutput_QpostLessonMC_3","1","true-d","true"
"31641","3003","2013-09-27 16:42:24","ScppBasicOutput_QpostLessonMC_4","1","true-b","true"
"31643","2103","2013-09-27 16:42:35","ScppBasicOutput_QpostLessonSA_1","0","cout ""Dude, where's my car?"" ; ","cout "
"31645","3003","2013-09-27 16:42:37","ScppBasicOutput_QpostLessonMC_5","1","true-c","true"
"31647","3003","2013-09-27 16:42:50","ScppBasicOutput_QpostLessonMC_6","1","true-a","true"
"31648","2103","2013-09-27 16:42:52","ScppBasicOutput_QpostLessonSA_2","1","Now we know. It was you!","Now we know. It was you!"
"31649","3003","2013-09-27 16:43:02","ScppBasicOutput_QpostLessonMC_7","0","false-c","true"
"31654","3003","2013-09-27 16:43:23","ScppBasicOutput_QpostLessonMC_8","1","true-c","true"
"31655","2103","2013-09-27 16:43:26","ScppBasicOutput_QpostLessonSA_3","1","6 kittens this litter!","6 kittens this litter!"
"31665","4239","2013-09-27 16:44:10","ScppBasicOutput_QpostLessonMC_1","1","true-c","true"
"31702","2128","2013-09-27 16:45:47","ScppBasicOutput_QpostLessonMC_1","0","false-b","true"
"31670","4239","2013-09-27 16:44:21","ScppBasicOutput_QpostLessonMC_3","1","true-d","true"
"31677","2128","2013-09-27 16:44:36","ScppBasicOutput_QpostLessonMC_2","0","false-b","true"
"31679","4239","2013-09-27 16:44:41","ScppBasicOutput_QpostLessonMC_2","0","false-c","true"
"31680","4238","2013-09-27 16:44:44","ScppBasicOutput_QpostLessonMC_1","1","true-c","true"
"31681","2128","2013-09-27 16:44:45","ScppBasicOutput_QpostLessonMC_3","1","true-d","true"
"31682","4238","2013-09-27 16:44:48","ScppBasicOutput_QpostLessonMC_2","0","false-d","true"
"31683","4239","2013-09-27 16:44:48","ScppBasicOutput_QpostLessonMC_4","1","true-b","true"
"31684","2128","2013-09-27 16:44:52","ScppBasicOutput_QpostLessonMC_4","1","true-b","true"
"31685","3003","2013-09-27 16:44:54","ScppBasicOutput_QpostLessonSA_1","1","cout ","cout "
"31686","3003","2013-09-27 16:44:55","ScppBasicOutput_QpostLessonSA_2","1","Now we know. It was you!","Now we know. It was you!"
"31687","4238","2013-09-27 16:44:55","ScppBasicOutput_QpostLessonMC_3","1","true-d","true"
"31690","4239","2013-09-27 16:44:59","ScppBasicOutput_QpostLessonMC_5","1","true-c","true"
"31689","4238","2013-09-27 16:44:59","ScppBasicOutput_QpostLessonMC_4","1","true-b","true"
"31692","4239","2013-09-27 16:45:11","ScppBasicOutput_QpostLessonMC_6","1","true-a","true"
"31693","4238","2013-09-27 16:45:11","ScppBasicOutput_QpostLessonMC_5","1","true-c","true"
"31694","2128","2013-09-27 16:45:12","ScppBasicOutput_QpostLessonMC_5","1","true-c","true"
"31695","4238","2013-09-27 16:45:15","ScppBasicOutput_QpostLessonMC_6","1","true-a","true"
"31696","2128","2013-09-27 16:45:19","ScppBasicOutput_QpostLessonMC_6","1","true-a","true"
"31697","4239","2013-09-27 16:45:20","ScppBasicOutput_QpostLessonMC_7","1","true-b","true"
"31698","3003","2013-09-27 16:45:23","ScppBasicOutput_QpostLessonSA_3","1","6 kittens this litter!","6 kittens this litter!"
"31699","4238","2013-09-27 16:45:24","ScppBasicOutput_QpostLessonMC_7","1","true-b","true"
"31701","4239","2013-09-27 16:45:39","ScppBasicOutput_QpostLessonMC_8","1","true-c","true"
"31703","4238","2013-09-27 16:45:49","ScppBasicOutput_QpostLessonMC_8","1","true-c","true"
"31704","2128","2013-09-27 16:45:53","ScppBasicOutput_QpostLessonMC_7","1","true-b","true"
"31706","2128","2013-09-27 16:46:09","ScppBasicOutput_QpostLessonMC_8","1","true-c","true"
"31707","4238","2013-09-27 16:46:10","ScppBasicOutput_QpostLessonSA_1","0","cout","cout "
"31709","4239","2013-09-27 16:46:16","ScppBasicOutput_QpostLessonSA_1","1","cout ","cout "
"31714","4238","2013-09-27 16:46:44","ScppBasicOutput_QpostLessonSA_2","0","cout","Now we know. It was you!"
"31715","4239","2013-09-27 16:47:00","ScppBasicOutput_QpostLessonSA_2","1","Now we know. It was you!","Now we know. It was you!"
"31716","4238","2013-09-27 16:47:01","ScppBasicOutput_QpostLessonSA_3","0","cout","6 kittens this litter!"
"31721","4239","2013-09-27 16:47:13","ScppBasicOutput_QpostLessonSA_3","1","6 kittens this litter!","6 kittens this litter!"
"31725","4008","2013-09-27 16:48:35","ScppBasicOutput_QpostLessonMC_1","0","false-b","true"
"31726","4008","2013-09-27 16:48:49","ScppBasicOutput_QpostLessonMC_2","0","false-c","true"
"31727","4008","2013-09-27 16:48:52","ScppBasicOutput_QpostLessonMC_3","1","true-d","true"
"31728","4008","2013-09-27 16:48:56","ScppBasicOutput_QpostLessonMC_4","1","true-b","true"
"31731","4008","2013-09-27 16:49:09","ScppBasicOutput_QpostLessonMC_5","1","true-c","true"
"31732","4008","2013-09-27 16:49:30","ScppBasicOutput_QpostLessonMC_6","1","true-a","true"
"31733","4008","2013-09-27 16:49:39","ScppBasicOutput_QpostLessonMC_7","1","true-b","true"
"31734","4008","2013-09-27 16:49:53","ScppBasicOutput_QpostLessonMC_8","1","true-c","true"
"31735","4115","2013-09-27 16:50:39","ScppBasicOutput_QpostLessonMC_1","0","false-a","true"
"31736","4115","2013-09-27 16:50:51","ScppBasicOutput_QpostLessonMC_2","0","false-d","true"
"31738","4008","2013-09-27 16:50:59","ScppBasicOutput_QpostLessonSA_1","1","cout ","cout "
"31739","4008","2013-09-27 16:51:00","ScppBasicOutput_QpostLessonSA_2","1","Now we know. It was you!","Now we know. It was you!"
"31740","4008","2013-09-27 16:51:01","ScppBasicOutput_QpostLessonSA_3","1","6 kittens this litter!","6 kittens this litter!"
"31741","4115","2013-09-27 16:51:02","ScppBasicOutput_QpostLessonMC_3","1","true-d","true"
"31742","4115","2013-09-27 16:51:03","ScppBasicOutput_QpostLessonMC_4","1","true-b","true"
"31743","4115","2013-09-27 16:51:11","ScppBasicOutput_QpostLessonMC_5","1","true-c","true"
"31744","4115","2013-09-27 16:51:15","ScppBasicOutput_QpostLessonMC_6","1","true-a","true"
"31746","4115","2013-09-27 16:51:37","ScppBasicOutput_QpostLessonMC_7","1","true-b","true"
"31748","4115","2013-09-27 16:51:49","ScppBasicOutput_QpostLessonMC_8","1","true-c","true"
"31753","4115","2013-09-27 16:52:29","ScppBasicOutput_QpostLessonSA_1","0","cout ","cout "
"31757","4115","2013-09-27 16:52:46","ScppBasicOutput_QpostLessonSA_2","1","Now we know. It was you!","Now we know. It was you!"
"31759","4115","2013-09-27 16:53:04","ScppBasicOutput_QpostLessonSA_3","1","6 kittens this litter!","6 kittens this litter!"
"31760","2107","2013-09-27 16:53:26","ScppBasicOutput_QpostLessonMC_1","1","true-c","true"
"31761","2107","2013-09-27 16:53:34","ScppBasicOutput_QpostLessonMC_2","1","true-a","true"
"31762","2107","2013-09-27 16:53:47","ScppBasicOutput_QpostLessonMC_3","1","true-d","true"
"31763","2107","2013-09-27 16:53:51","ScppBasicOutput_QpostLessonMC_4","1","true-b","true"
"31764","2107","2013-09-27 16:53:58","ScppBasicOutput_QpostLessonMC_5","1","true-c","true"
"31767","2107","2013-09-27 16:54:05","ScppBasicOutput_QpostLessonMC_6","0","false-b","true"
"31768","2107","2013-09-27 16:54:15","ScppBasicOutput_QpostLessonMC_7","1","true-b","true"
"31769","2107","2013-09-27 16:54:41","ScppBasicOutput_QpostLessonMC_8","1","true-c","true"
"31770","2107","2013-09-27 16:55:14","ScppBasicOutput_QpostLessonSA_1","0","cout ","cout "
"31771","2107","2013-09-27 16:55:41","ScppBasicOutput_QpostLessonSA_3","0","6 kittens this litter","6 kittens this litter!"
"31772","2107","2013-09-27 16:55:41","ScppBasicOutput_QpostLessonSA_2","0","Now we know it was you","Now we know. It was you!"
